login,name,company,location,email,hireable,bio,public_repos,followers,following,created_at
lopezryan,Melissa Robinson,"WALLS, PRICE AND JACOBS",Toronto,michelleriley@example.com,TRUE,Special learn area international eat so feeling material pull too see garden fine.,16,860,150,2021-02-03T09:43:48Z
eroach,Amanda Ray,JENKINS GROUP,Toronto,ojohnson@example.org,TRUE,Rock day well politics government cut too.,45,855,62,2016-04-02T09:43:48Z
kevinpope,Julie Hodges,MURILLO-LINDSEY,Toronto,pclark@example.org,TRUE,Especially toward scientist water foot sing evidence member one interesting real sound.,161,533,26,2023-07-04T09:43:48Z
lesliehicks,Mary Levine,"FLOYD, CASTILLO AND SHEPPARD",Toronto,poolemegan@example.net,TRUE,Southern smile record admit specific sign defense picture decide cost.,65,339,268,2017-02-02T09:43:48Z
mary59,Benjamin Baker,"SALINAS, COOPER AND MARTIN",Toronto,rmcbride@example.org,TRUE,Case its fire learn black answer create paper court food agent any know.,153,304,376,2016-07-21T09:43:48Z
smithscott,Brandi Weaver,"BELL, HILL AND CLARK",Toronto,smassey@example.com,FALSE,Be here meet pattern audience be.,66,560,311,2020-09-20T09:43:48Z
pmueller,Theresa Lee,ROBINSON-LARSEN,Toronto,stacey52@example.org,TRUE,Series painting chair president other commercial detail order.,50,815,226,2020-01-10T09:43:48Z
smullins,Robert Morgan,FINLEY AND SONS,Toronto,hillsteven@example.net,FALSE,Science participant blue study baby moment positive family oil.,49,321,500,2015-04-12T09:43:48Z
bairdfaith,Karen Ward,WHITE-MURPHY,Toronto,robertbell@example.com,FALSE,Billion today become both woman order.,36,195,204,2022-10-03T09:43:48Z
fmoore,Janet Clay,PARSONS-MOONEY,Toronto,wray@example.org,FALSE,Work three event performance last machine decade event big return feeling.,98,719,145,2023-05-10T09:43:48Z
sochoa,Heather Bartlett,LOPEZ INC,Toronto,nweaver@example.com,FALSE,Sing prove morning natural magazine deal civil dark.,147,228,482,2019-08-06T09:43:48Z
millsharold,Brenda Riddle,LOWE AND SONS,Toronto,smithtommy@example.com,TRUE,Total firm hold sit card yet quickly plan.,151,401,434,2016-10-16T09:43:48Z
berrymichelle,Jason Serrano,"WALTER, HENRY AND SHORT",Toronto,mcguirejennifer@example.net,FALSE,College ability system apply what medical defense sport anything head trouble only remain chair.,157,297,370,2023-01-23T09:43:48Z
kbarnes,Catherine Madden DDS,BREWER PLC,Toronto,lmiller@example.com,TRUE,Interest recently ready draw fact born so your.,179,334,405,2020-08-05T09:43:48Z
iarellano,Erin Scott,WALSH PLC,Toronto,suzannejohnson@example.org,TRUE,Ten white letter information buy sport major water public benefit magazine of.,69,988,61,2019-07-31T09:43:48Z
richmondjonathan,Jill Stafford,AGUILAR-SILVA,Toronto,timothy41@example.com,FALSE,Stand its debate white meet discuss inside key.,126,751,437,2019-10-01T09:43:48Z
mackian,Christopher Medina,CLARK INC,Toronto,tammy19@example.com,TRUE,Concern base argue more anyone yourself find marriage oil large question their believe.,104,464,117,2016-04-28T09:43:48Z
pmiller,Mrs. Brittany Smith,SANDERS LTD,Toronto,cory61@example.net,FALSE,Arrive cell successful phone us enough agree couple you former describe.,189,800,341,2023-01-15T09:43:48Z
priceallen,Alicia Ward,VEGA-PRUITT,Toronto,youngkyle@example.net,TRUE,Assume quickly player million similar determine south possible near off enough so as.,146,847,135,2022-01-03T09:43:48Z
yjohnson,Rebecca Davenport,HUGHES-FARLEY,Toronto,scalderon@example.net,FALSE,Feel as home near report ground.,107,377,483,2016-08-30T09:43:48Z
ryanjoseph,Molly Coleman,"PORTER, WHITE AND GONZALEZ",Toronto,ngreen@example.org,TRUE,Congress number act account find kind whatever fish organization order popular draw.,185,433,441,2015-03-23T09:43:48Z
james25,Nicholas Aguirre,RODRIGUEZ-MORA,Toronto,srussell@example.com,TRUE,Finish evidence teach environmental benefit population politics its.,68,942,26,2020-04-20T09:43:48Z
schwartzjeanette,Scott Garcia,BURTON LTD,Toronto,davidolson@example.com,FALSE,How many about voice civil discuss under thousand dinner role amount few.,78,168,118,2017-06-24T09:43:48Z
lewisjames,Timothy Cummings,LEE LTD,Toronto,janicegoodman@example.org,FALSE,Top help author seek agency air purpose specific.,64,772,265,2019-05-28T09:43:48Z
douglaswhitehead,Matthew Hawkins,"WEISS, ESTRADA AND ANDERSON",Toronto,hroberts@example.com,FALSE,Growth power relate it prevent car boy hundred.,46,372,81,2021-01-27T09:43:48Z
xbarker,Matthew Cummings,"BAKER, TATE AND LOZANO",Toronto,clarkdennis@example.org,FALSE,Political case amount age both effort hour water down.,159,539,469,2017-04-18T09:43:48Z
cindydaniel,Megan Thomas,BERG LLC,Toronto,julie58@example.com,FALSE,Free board culture whether friend avoid show.,102,325,80,2018-02-15T09:43:48Z
kimmichael,Martin Chapman,"WHITE, WALKER AND ROGERS",Toronto,andrew26@example.com,FALSE,Care industry open free mean figure response.,33,874,34,2022-08-11T09:43:48Z
stephaniewood,Chad Johnson,LITTLE-SHELTON,Toronto,aprilnguyen@example.com,TRUE,Yes many tree world degree hit lawyer network.,170,264,415,2016-03-17T09:43:48Z
uabbott,Jared Martinez,FOX-DONOVAN,Toronto,norriskelly@example.org,FALSE,Choose share two various break bar.,162,166,207,2019-07-24T09:43:48Z
michael48,Mary Armstrong,MORTON GROUP,Toronto,vincentrichardson@example.org,FALSE,Difficult type large message yard family.,145,358,293,2023-09-17T09:43:48Z
alexandershannon,Michelle Nguyen,"STEVENS, JOHNSON AND WAGNER",Toronto,mcdowelldavid@example.com,TRUE,Size along type grow happen fish.,184,650,394,2020-11-06T09:43:48Z
woodkimberly,Jamie Sanders,BRIGGS LLC,Toronto,dwilliams@example.com,FALSE,Street such professor situation physical born item page.,38,401,232,2022-01-25T09:43:48Z
xbell,Robert Bryant,HARDY-WRIGHT,Toronto,norrisvictoria@example.com,FALSE,Economic suffer maybe card on write garden help surface order teacher.,10,840,458,2015-10-09T09:43:48Z
lflores,Teresa Rowe,STEVENS-MOODY,Toronto,autumn29@example.org,FALSE,Send whatever science hour number reach pay drug big experience.,138,881,101,2018-02-23T09:43:48Z
sergioatkins,Kimberly Hogan,MILLER LTD,Toronto,lisa54@example.com,TRUE,Election here model up idea clear especially rule wonder themselves be conference level.,170,406,440,2016-09-03T09:43:48Z
nicholas28,Nichole Hall,MAYS-MCLAUGHLIN,Toronto,derekrangel@example.net,TRUE,Before measure degree task discussion hand east hour challenge unit Mr behind.,49,483,400,2022-01-11T09:43:48Z
wrightabigail,Sarah Dominguez,"DAWSON, WILSON AND LEE",Toronto,james17@example.org,TRUE,Describe long realize attention under focus.,163,432,260,2023-08-16T09:43:48Z
sarahhinton,Justin Mercado,"JONES, STEIN AND JOHNSON",Toronto,fkemp@example.com,TRUE,Measure which political owner thus stock cup move.,102,1000,435,2020-05-23T09:43:48Z
znelson,Shawn Clark,WHITE PLC,Toronto,michaelmooney@example.net,TRUE,Address meet keep wife no light much article fire much nice mother.,24,347,459,2017-06-24T09:43:48Z
steve61,Victoria Walker,"SILVA, CALDWELL AND SANDOVAL",Toronto,staceydavis@example.net,TRUE,Both believe job chair sort question garden force away thing meet game culture.,31,850,258,2023-01-24T09:43:48Z
pmatthews,Angela Hodges,ROBERTS-BAIRD,Toronto,corey26@example.org,TRUE,Pick everything official task may general suggest.,42,776,253,2017-09-04T09:43:48Z
blake18,Sarah Nelson,CARLSON PLC,Toronto,raymond43@example.com,TRUE,Light lot could either feel cold heavy guess foreign allow.,77,641,456,2017-01-14T09:43:48Z
stephanie90,Nicholas Montgomery,"ALLEN, LUTZ AND HESS",Toronto,donald07@example.org,FALSE,Data down drive participant if run read most this follow relate country.,64,653,396,2015-08-28T09:43:48Z
jason06,Julia Mora,"HAMPTON, ANDERSON AND BOONE",Toronto,kaufmanalexander@example.org,TRUE,Either open some forward or thus other quite low suffer health.,192,420,214,2016-04-22T09:43:48Z
webbveronica,Chelsea Patel,"ROBINSON, SMITH AND MITCHELL",Toronto,charlesbrooks@example.com,FALSE,High some several people style democratic shoulder.,122,630,241,2022-06-26T09:43:48Z
kmartinez,Robert Romero,BAILEY-CLAYTON,Toronto,qjones@example.net,TRUE,Worker final figure their first food eat night finish management.,67,166,183,2023-08-09T09:43:48Z
drew54,Peter Carter,"OBRIEN, LUNA AND GARCIA",Toronto,ivaldez@example.net,TRUE,Operation task individual create arm campaign building teach clearly.,160,326,13,2023-01-17T09:43:48Z
ystanley,Jose Dominguez,SUMMERS-PEREZ,Toronto,amber97@example.net,TRUE,Say give down detail line bag memory move.,68,170,473,2023-06-28T09:43:48Z
ronaldhughes,Adam Johnson,SIMPSON-ALI,Toronto,xowens@example.net,FALSE,Debate sister various writer usually nor whether box serious.,28,627,131,2020-09-19T09:43:48Z
hernandezbrooke,Susan Morris,RODRIGUEZ LLC,Toronto,megan93@example.com,FALSE,Teach man benefit maybe claim reach commercial choice interesting.,64,653,77,2015-09-24T09:43:48Z
nicholassantiago,Timothy Lewis,BUCHANAN LTD,Toronto,dsmith@example.net,FALSE,Position camera include become quite thought senior save no agreement become relationship.,72,904,252,2019-04-11T09:43:48Z
xmaxwell,Justin Castillo,ERICKSON-BRIGHT,Toronto,nguyenjennifer@example.org,TRUE,Law sea similar where few successful focus year international.,34,200,347,2019-01-03T09:43:48Z
kingdana,John Chapman,HUNT-PETERS,Toronto,catherinesherman@example.org,FALSE,Boy professor performance look probably travel deal they style.,118,521,249,2015-08-31T09:43:48Z
heidi27,Cassandra Rubio,SIMPSON-HUNTER,Toronto,rgarcia@example.com,TRUE,Black poor happy culture price number who shake peace power skin.,182,770,340,2022-09-26T09:43:48Z
ryan22,Michael Price,"ADKINS, BROWN AND WALLACE",Toronto,osullivan@example.org,TRUE,State discussion official project keep course partner step.,113,846,183,2014-11-11T09:43:48Z
blackwellcharles,Jason Vasquez,PENA PLC,Toronto,hansenrichard@example.org,TRUE,Look high small break clear night drug strong prevent who center join note.,73,297,107,2017-10-29T09:43:48Z
annettetorres,Samantha Bailey,"HALL, PUGH AND COSTA",Toronto,longkevin@example.net,FALSE,Nor majority human later black produce full big.,45,533,103,2020-09-19T09:43:48Z
davidflynn,Christina Davis,ANDRADE LLC,Toronto,lance05@example.net,FALSE,Discuss remain establish however control go near.,73,996,482,2022-12-30T09:43:48Z
tyler34,Scott Mitchell,DAVIS PLC,Toronto,millskevin@example.org,FALSE,On scientist positive protect must piece operation several item physical third show.,150,201,35,2016-07-11T09:43:48Z
robinlarson,Karen Nguyen,FIGUEROA-PADILLA,Toronto,ashleybrown@example.org,TRUE,Decade state hand also back agent.,33,872,444,2021-03-10T09:43:48Z
jasminsawyer,Andrew Graves,"KING, MURPHY AND SPENCER",Toronto,thompsonsteven@example.net,TRUE,West military newspaper resource industry others north animal develop.,114,598,256,2021-06-11T09:43:48Z
lori91,Matthew Griffin,"PARK, MARSH AND SMITH",Toronto,carterjohn@example.com,FALSE,Discover me he chair control of tonight.,25,269,204,2023-10-26T09:43:48Z
nyoung,Dr. Robert Wade,"SCOTT, GRIFFIN AND HUGHES",Toronto,codyball@example.org,FALSE,Action indicate different old rather skin again single next agree my.,77,903,411,2018-09-27T09:43:48Z
colleen26,Kevin Sellers,FLORES AND SONS,Toronto,cynthiarogers@example.com,FALSE,Care hold record federal air many now example water nature big manage.,118,814,500,2015-08-25T09:43:48Z
jeffreyfernandez,Angelica Gross,COOPER-RAMIREZ,Toronto,omeyer@example.net,FALSE,Race understand by himself smile agency different glass begin.,49,295,161,2021-05-26T09:43:48Z
chris37,Kenneth Craig,"WILKINS, RODRIGUEZ AND BERGER",Toronto,cameron53@example.net,TRUE,Cover challenge guess young activity middle none such choice agent shoulder tax.,158,854,287,2023-02-27T09:43:48Z
jtaylor,Frank Riggs,"WOODWARD, BAXTER AND FOX",Toronto,markcollins@example.net,FALSE,Plan trial on both face customer go current change choose analysis.,24,152,309,2018-06-30T09:43:48Z
robertkelly,Thomas Long,DAVIS-DIAZ,Toronto,vdickson@example.net,TRUE,Crime meeting first arm police keep individual central everybody style.,24,621,51,2021-10-03T09:43:48Z
skinnerheather,David Johnson,ALEXANDER-KNIGHT,Toronto,diazjustin@example.com,TRUE,Play who them matter throughout state much improve save.,162,170,355,2021-03-15T09:43:48Z
gwebb,Stanley David,DAVIES-DAVIS,Toronto,jeffrey36@example.net,FALSE,So treatment low seat book perform three appear economic break role beautiful.,40,684,136,2017-05-07T09:43:48Z
catherineorozco,William Munoz,KELLY GROUP,Toronto,jamesbutler@example.org,TRUE,Skill couple new reveal sport attention age.,168,184,224,2016-06-20T09:43:48Z
steven99,David Jarvis,TAYLOR-SOTO,Toronto,christopherlawrence@example.com,FALSE,Military human food development indeed finally.,76,310,352,2015-10-23T09:43:48Z
danielle32,Neil Bolton,PARRISH PLC,Toronto,kellyrobinson@example.net,FALSE,Exactly cut scene sound color energy truth where.,71,372,212,2022-05-16T09:43:48Z
marcus10,Diana Delacruz,"HALL, DAVIS AND PEREZ",Toronto,carla01@example.net,FALSE,Letter sometimes hospital serve generation mother sea.,127,424,485,2015-05-30T09:43:48Z
laneelaine,Michael Brewer,"RAMIREZ, OWENS AND POOLE",Toronto,leealexander@example.com,TRUE,Record exist writer education next play manager color machine.,12,570,328,2017-07-11T09:43:48Z
hjenkins,Katelyn Spence,JOYCE INC,Toronto,victorbarnett@example.net,TRUE,Prove social leg party wonder miss down human somebody drive enjoy.,28,651,119,2018-03-02T09:43:48Z
josephmoore,William Robinson,LOVE LLC,Toronto,peterpaul@example.net,FALSE,Decision carry letter bill trade ability personal method.,43,458,461,2023-01-26T09:43:48Z
ramirezsamantha,Sheila Davis,FLORES INC,Toronto,sampsonrichard@example.net,TRUE,Line yet international bit term figure whose lay.,104,392,90,2018-12-05T09:43:48Z
ulambert,Crystal Sanchez,"LYNCH, AUSTIN AND HAYNES",Toronto,josephedwards@example.com,FALSE,Up fund article mention our assume professional fire four not network.,166,927,344,2017-11-28T09:43:48Z
sthompson,Jill Wilson,"CHAPMAN, EWING AND JOHNSON",Toronto,davidmueller@example.net,TRUE,Set my guess pretty least administration most table.,180,937,293,2020-06-25T09:43:48Z
thomas25,Jennifer Rojas,TAYLOR-PITTMAN,Toronto,carrcatherine@example.com,TRUE,Production woman different audience kid laugh much born no should eight production executive.,44,371,69,2022-08-22T09:43:48Z
kennethjohnson,Mr. Todd Hamilton DVM,ROGERS INC,Toronto,katelynnash@example.net,TRUE,South water day help painting some model.,79,389,319,2021-06-24T09:43:48Z
ashley64,Adam Davis,SCOTT LLC,Toronto,oprice@example.net,FALSE,Let page factor child especially affect decade herself table.,62,804,334,2020-11-17T09:43:48Z
tcombs,Michael Russell,MICHAEL-KOCH,Toronto,garzasteven@example.org,FALSE,Current million necessary quickly read degree design wide too condition college.,74,967,36,2022-10-21T09:43:48Z
shermanmitchell,Cassandra Booker,HALL LTD,Toronto,jennifer21@example.org,FALSE,Stay data book meet challenge technology leave.,80,146,11,2020-02-06T09:43:48Z
cassandra31,Michael Pacheco,KING-BROWN,Toronto,diamond05@example.com,TRUE,Choice investment development appear join loss wide.,173,369,92,2015-07-12T09:43:48Z
vazquezbrent,Alicia Woods,SCOTT-SWEENEY,Toronto,christopher54@example.com,FALSE,Choice tough rather vote seek wrong buy owner general learn ready.,151,823,228,2017-07-20T09:43:48Z
donhampton,Lori Ramirez,HILL INC,Toronto,cherylweber@example.com,TRUE,Want cup read evidence personal series even.,38,178,493,2016-02-03T09:43:48Z
michellerios,Nathan Adams,"DYER, GLOVER AND SMITH",Toronto,tammy50@example.net,TRUE,Weight allow whose while million gas wrong oil generation certain enjoy attack do.,149,137,437,2019-09-13T09:43:48Z
josephmurphy,Christopher Wilson,"YOUNG, BROWN AND BONILLA",Toronto,jack08@example.com,TRUE,First here entire around pattern wall western southern about fill tree because.,120,231,31,2020-05-20T09:43:48Z
buckleyjessica,Ashley Carroll,MOORE PLC,Toronto,hayesedward@example.com,FALSE,Player same light amount us test nor president court tree describe.,20,467,117,2016-03-11T09:43:48Z
vmcdowell,Ashley Lee,"SAUNDERS, MARTIN AND MOLINA",Toronto,stanleyhuffman@example.com,TRUE,Six never sense study western manager camera bar.,180,206,191,2015-02-03T09:43:48Z
wayne50,Brittney Holloway DDS,"ROSE, MERRITT AND MATHEWS",Toronto,lopezrachel@example.org,FALSE,Wrong seem statement score suffer board teach.,168,868,89,2021-03-09T09:43:48Z
wgreene,Emily Brooks,ZAVALA-WALKER,Toronto,mcneillisa@example.com,TRUE,Material manager them hospital himself different chair need here within people.,55,523,22,2021-10-30T09:43:48Z
johnharvey,Kenneth Mendez,"FERNANDEZ, GUTIERREZ AND SANCHEZ",Toronto,lduncan@example.net,FALSE,Of ok operation system cultural public.,115,922,352,2015-08-07T09:43:48Z
williamthompson,Jordan Webster,RICHARDSON AND SONS,Toronto,qwade@example.com,TRUE,Part analysis them difference democratic health for read week.,78,264,413,2015-12-23T09:43:48Z
bmyers,Raymond Johnston,"FOSTER, HARRIS AND BROCK",Toronto,ronaldanderson@example.net,TRUE,Parent important much plant Democrat matter production partner simply family big.,107,994,29,2018-07-25T09:43:48Z
collinmurillo,James Fuentes,OSBORNE INC,Toronto,parkercarla@example.org,TRUE,Manage dog his music who show clear low season minute.,61,937,480,2018-09-05T09:43:48Z
velazquezpatrick,Michael Perez,PEREZ-THOMPSON,Toronto,thompsonrebecca@example.com,FALSE,Alone worry its front school better still fly past actually necessary evening.,88,941,417,2021-04-15T09:43:48Z
kellythomas,James Gordon,GORDON INC,Toronto,lbender@example.org,TRUE,Point south or check follow until break value.,16,776,108,2019-05-16T09:43:48Z
cynthiaholland,Nicholas Adams,LEVY LLC,Toronto,campbelltiffany@example.org,FALSE,When foot person lead city seat suddenly value have.,81,986,45,2015-03-03T09:43:48Z
kimberly07,Mrs. Michelle Walker,MONROE-BISHOP,Toronto,michael86@example.org,FALSE,It consumer three give main gun admit trouble rich senior avoid most.,99,757,270,2019-05-11T09:43:48Z
chanpamela,Tristan Miller,JACOBS-MCMAHON,Toronto,bconner@example.net,FALSE,Section sometimes few industry six general third suffer world remember listen.,17,219,459,2020-11-29T09:43:48Z
william52,Paul Meyer,OCHOA GROUP,Toronto,davismaria@example.org,TRUE,Carry any management born federal lawyer Republican baby commercial responsibility.,158,372,29,2022-08-16T09:43:48Z
lgreen,Katelyn Hunt,BURNETT GROUP,Toronto,austin76@example.net,FALSE,Need station result might responsibility provide until assume history experience debate detail reach.,98,847,412,2020-04-28T09:43:48Z
richardsimmons,Norman Davis,PRICE-JENNINGS,Toronto,sherry05@example.com,FALSE,Start nothing quite foreign exist the cost.,165,624,69,2019-07-10T09:43:48Z
hoffmanjeffrey,Douglas Smith,BOONE LTD,Toronto,wmunoz@example.org,TRUE,Plan former measure political perform magazine.,75,146,372,2018-12-13T09:43:48Z
nicolethomas,Lauren Parker,CLARK GROUP,Toronto,ellensanford@example.com,TRUE,Probably especially others answer early material economic allow machine place speech mother piece something.,143,926,285,2016-02-20T09:43:48Z
marissa33,Brandy Padilla,DRAKE-ADAMS,Toronto,petersonreginald@example.net,TRUE,Significant situation poor future model reason help born list.,103,542,45,2016-05-23T09:43:48Z
xhill,Tina Thomas,"NICHOLS, JOHNSON AND CAREY",Toronto,vwiley@example.net,FALSE,Office again sit project course visit local five place.,169,422,349,2022-06-11T09:43:48Z
xowen,Patricia Jenkins,"HOLLOWAY, RAMIREZ AND RICHARDS",Toronto,johnray@example.org,FALSE,Call party party later since become growth off send evening sport window forget.,139,417,351,2019-04-06T09:43:48Z
hammondrachel,Alisha Boone,SWANSON INC,Toronto,stevensmarcus@example.com,FALSE,Kitchen ask chance exactly hotel address seem commercial store.,113,814,161,2017-08-16T09:43:48Z
scottnelson,Abigail Boyle,"CLARK, MANNING AND WALKER",Toronto,kendra72@example.net,TRUE,Adult I arrive computer information agency country.,59,531,350,2019-08-04T09:43:48Z
williamssamuel,Gary Burton,DANIELS INC,Toronto,mary77@example.org,TRUE,Raise generation know success address professor land country between per.,167,683,164,2019-04-15T09:43:48Z
nnguyen,Samantha Henry,"PARSONS, SCHMIDT AND LYONS",Toronto,isaiah21@example.com,TRUE,Economy near court town half kid clear purpose shoulder eight time case research.,87,394,117,2019-01-08T09:43:48Z
simonkaren,Edward Weaver,FLETCHER INC,Toronto,ethanwhitney@example.org,FALSE,Newspaper Congress PM may which guess really Mrs.,129,553,236,2016-04-06T09:43:48Z
brownanthony,Michael Howard,RUSSELL PLC,Toronto,mary58@example.net,TRUE,Court night wall side yeah now.,140,585,416,2014-11-30T09:43:48Z
gwilliams,Manuel Beck,"MOORE, SMITH AND LANE",Toronto,rjennings@example.org,TRUE,Take school body back industry century her site card wonder yeah strategy.,178,187,155,2018-01-22T09:43:48Z
samuelalvarado,Jeremy Wilson,LEE-HUNTER,Toronto,kevin04@example.com,FALSE,Third the better water student card especially education paper professional just industry official.,33,939,497,2015-06-02T09:43:48Z
kimberly58,Andrew Jones,ALEXANDER-PRICE,Toronto,mwatson@example.org,TRUE,Relationship born art car garden fact design.,182,418,125,2021-08-10T09:43:48Z
matajennifer,Derek Green,ANTHONY PLC,Toronto,richardnelson@example.com,TRUE,Hard feeling recent second account large wide social seek travel.,16,148,135,2018-07-06T09:43:48Z
pamelabuckley,Charles Duncan,GRAY AND SONS,Toronto,margaret97@example.org,TRUE,Head upon prove provide man either sport safe keep.,126,525,463,2016-10-11T09:43:48Z
greenbrandon,Jennifer Walton,SANDERS AND SONS,Toronto,patricia29@example.com,TRUE,Care build between pick form skin watch foot bad well year brother.,193,814,206,2018-04-19T09:43:48Z
humphreydesiree,Corey Mcneil,"JAMES, BAILEY AND BANKS",Toronto,christopherhall@example.net,FALSE,First get better suggest manager crime training case herself most individual.,72,252,345,2016-02-17T09:43:48Z
griffithbrenda,David Fisher,SAUNDERS-FREEMAN,Toronto,johnfrederick@example.net,TRUE,Thank approach smile amount you college new eye item television better speech century.,37,898,227,2021-05-21T09:43:48Z
whitechristina,Shannon Mclaughlin,SANDERS-BROWN,Toronto,pamelatownsend@example.org,TRUE,Drop little option there professional similar current without great.,188,631,247,2023-04-12T09:43:48Z
ericgordon,Kathleen Dodson,WHITE AND SONS,Toronto,nathanielprince@example.org,TRUE,Stand someone glass game need run operation compare fine.,41,568,78,2014-11-08T09:43:48Z
farmernicholas,Tara Lamb,MATA-PARK,Toronto,amanda07@example.com,FALSE,Character hard important thousand fill begin feel exist husband tree office evidence.,180,644,296,2017-03-01T09:43:48Z
lstewart,Melanie Raymond,SCHWARTZ-HOOVER,Toronto,nicole37@example.net,FALSE,For late very cut figure generation positive medical person.,123,728,427,2015-10-10T09:43:48Z
tammyford,Aaron Noble,"GAINES, STEWART AND CARR",Toronto,gbaker@example.org,FALSE,Huge billion look defense full sport get.,150,557,469,2022-01-21T09:43:48Z
zacharychapman,Janet Thomas,PARKER-WALL,Toronto,nathan29@example.net,FALSE,Drive letter into test music population.,125,366,394,2021-01-25T09:43:48Z
rhodesjason,Denise Castaneda,SCOTT-WILLIAMS,Toronto,fcook@example.org,FALSE,Why student commercial responsibility where west week hundred.,143,597,330,2021-02-27T09:43:48Z
stephaniereynolds,Elizabeth Harrison,"BLAKE, HAYES AND MITCHELL",Toronto,leslie96@example.com,FALSE,Manager read strong own would since.,122,180,375,2020-08-20T09:43:48Z
dglover,Brenda Baker,HUANG-BERRY,Toronto,michael90@example.org,TRUE,Give citizen matter actually after book political feel stage catch light civil.,79,444,173,2017-10-13T09:43:48Z
theodorehutchinson,Kathleen Williams,BUCK GROUP,Toronto,ynorton@example.com,TRUE,Money stuff seven blood generation prevent report town together.,45,255,128,2019-07-19T09:43:48Z
mallory72,Maria Padilla,"KRAUSE, MACDONALD AND RIVERA",Toronto,allenangela@example.org,TRUE,Continue bad field join station several manager big five thousand.,190,320,42,2019-03-10T09:43:48Z
michelle81,Dr. Kelly Combs,JOHNSON LLC,Toronto,kevin42@example.org,FALSE,Resource consider public system see bill.,94,656,248,2019-03-06T09:43:48Z
jeffreywhite,Robert Mason,"GRIFFITH, CALDERON AND FERGUSON",Toronto,lbright@example.com,TRUE,Push without rather assume four today brother American his citizen nearly worry road.,62,953,225,2019-06-22T09:43:48Z
sotolinda,Jason Lynch,"JOHNSON, TAYLOR AND SANCHEZ",Toronto,corysingh@example.net,TRUE,Fund pressure statement mouth image amount.,157,490,254,2023-10-10T09:43:48Z
angela17,Kelli Shepard,GILBERT-BENSON,Toronto,rlittle@example.org,FALSE,Compare science ago whole take employee field small truth industry certainly.,86,872,209,2019-02-21T09:43:48Z
cmoreno,Richard Lopez,"BUSH, DONALDSON AND HENRY",Toronto,amandawalsh@example.net,TRUE,Drug together also time power it stay force language themselves food.,134,325,149,2018-12-14T09:43:48Z
scottanthony,Leslie Compton,KELLEY-HILL,Toronto,egood@example.net,FALSE,Various why sport Republican city ground building appear front long century range.,17,499,182,2016-05-04T09:43:48Z
newmanmario,Mrs. Victoria Bell,GARCIA GROUP,Toronto,millsmiguel@example.net,FALSE,Learn camera fly career thank help wear adult affect scene tend house any.,195,270,440,2018-08-07T09:43:48Z
ldavis,Ashley Jones,BALDWIN-NGUYEN,Toronto,torreschristine@example.com,TRUE,Skin government cut energy subject staff.,169,647,23,2019-06-04T09:43:48Z
michael30,Joanne Mann,JONES-EDWARDS,Toronto,kkane@example.net,TRUE,Nice example then indicate beat success medical stage get generation trade.,31,759,229,2022-04-27T09:43:48Z
susanwalker,Lori Lopez,"KELLEY, MARTIN AND MASSEY",Toronto,patrick17@example.com,FALSE,Perhaps reach thought least lot red get bit you under assume activity.,56,152,143,2019-08-04T09:43:48Z
natalie15,Dr. Maria Cortez DDS,"HERNANDEZ, HUMPHREY AND REED",Toronto,shawalexis@example.org,FALSE,Eye certain pressure focus consider meeting popular bag onto minute away similar minute.,64,566,177,2020-01-21T09:43:48Z
apowers,Tiffany Ryan,RAMIREZ LTD,Toronto,melissamclaughlin@example.org,FALSE,About age hospital current worker face.,81,871,497,2019-02-11T09:43:48Z
carlahoffman,Jason Mccoy,TOWNSEND GROUP,Toronto,hallalicia@example.net,FALSE,Tv child find model democratic call environment leg.,30,582,19,2015-06-10T09:43:48Z
msims,John Williams,"LEVINE, WASHINGTON AND CHANDLER",Toronto,johneaton@example.net,TRUE,Worker foot sell place commercial central detail common member.,99,330,342,2023-01-26T09:43:48Z
jasonroth,Jessica Wheeler,LANDRY-BAUTISTA,Toronto,stantonnancy@example.com,TRUE,Return strategy realize right leave trade arrive information pattern involve next two.,17,354,112,2023-08-12T09:43:48Z
catherinelambert,Robert Smith,SALAZAR-BENDER,Toronto,lrogers@example.net,TRUE,Left partner another too laugh listen east identify operation official after.,71,230,252,2016-05-01T09:43:48Z
anthony61,Brooke Bishop,BOLTON LTD,Toronto,unorman@example.net,TRUE,See behavior present stand unit loss democratic identify.,154,324,248,2015-12-30T09:43:48Z
jsandoval,Lori Williams,RIOS-LITTLE,Toronto,taylormary@example.com,FALSE,Compare game team may ability sign year simple culture like write.,104,272,320,2017-01-11T09:43:48Z
amandapeters,Gerald Burke,HALL-FITZPATRICK,Toronto,andreabrandt@example.org,TRUE,Former listen minute a forget truth keep energy design science top.,51,419,65,2017-05-08T09:43:48Z
pmontgomery,Brian Rose,"JIMENEZ, WILLIAMS AND DRAKE",Toronto,amandarollins@example.net,TRUE,In work huge participant interesting house above.,89,690,356,2019-08-19T09:43:48Z
natalie49,Raymond Curry,LYNCH-WISE,Toronto,erica70@example.com,FALSE,Use quality pattern smile well beautiful per little rate want car product build training.,193,304,48,2017-03-14T09:43:48Z
bushrichard,David Walker,MCFARLAND LLC,Toronto,jason27@example.net,TRUE,Think effect compare amount television your.,36,814,405,2020-06-16T09:43:48Z
victoria23,Rachel Sanders,WALKER INC,Toronto,markgonzalez@example.net,TRUE,Rule must so wish yard too out young no how offer.,154,902,31,2019-12-12T09:43:48Z
kristen38,Nicole Martin,BRADLEY-CORDOVA,Toronto,susanfleming@example.org,FALSE,Behavior discuss not similar early major find fire trade be.,179,480,45,2018-03-02T09:43:48Z
jennifer70,Dwayne Mccall,MOORE-JENKINS,Toronto,opena@example.net,FALSE,Quite best money tell bill none.,13,970,225,2018-05-06T09:43:48Z
michelle36,Wendy Riley,MOODY-BROWN,Toronto,jessicacowan@example.net,TRUE,Almost far admit answer say building drop how.,120,471,335,2018-09-07T09:43:48Z
johnstonchristopher,Eric Castaneda,WARD-MEYERS,Toronto,christopher76@example.com,TRUE,Mind crime major billion girl enough society herself beat people plan including while.,121,281,385,2017-12-27T09:43:48Z
gregory28,Michelle Dyer,MUNOZ LTD,Toronto,jamesdavis@example.org,FALSE,Resource fact hospital write he learn free clear research century him beyond.,167,928,480,2017-10-21T09:43:48Z
hjackson,Scott Floyd,BROOKS-BAKER,Toronto,willisjohn@example.org,FALSE,Skill number power right look exist ago response.,129,547,432,2015-08-23T09:43:48Z
kelsey31,David Clark,ANDERSON-SHERMAN,Toronto,dmelton@example.net,FALSE,Difficult lawyer many perform enough head pressure.,92,973,135,2022-11-14T09:43:48Z
wallrachel,Carl Brown,MILLS-WERNER,Toronto,melissa56@example.net,FALSE,Natural try free bit edge different father by.,125,350,394,2018-08-18T09:43:48Z
jesusbradford,Ms. Erin Hawkins DVM,"MEDINA, ROJAS AND SMITH",Toronto,sylvia30@example.com,FALSE,Kid support cold black meeting something.,96,130,263,2020-03-12T09:43:48Z
smithdavid,Misty Wilson,"KAISER, VELAZQUEZ AND ESTRADA",Toronto,johnsonjimmy@example.com,TRUE,Positive father for national half discussion class foot player.,134,318,191,2014-11-23T09:43:48Z
davidray,John Owen MD,HERRERA LTD,Toronto,andrew93@example.org,FALSE,Thought drug else simply different middle eat whose hold stand firm scientist star.,97,387,460,2017-02-26T09:43:48Z
ywalker,Ryan Acosta,KING-BLAIR,Toronto,hcameron@example.com,FALSE,Network why himself final skin though.,152,111,274,2021-09-12T09:43:48Z
jessezamora,Michaela Huffman,"WALKER, PRICE AND MCKINNEY",Toronto,robert98@example.com,TRUE,Future continue possible serve of style argue claim alone responsibility else.,71,838,218,2018-05-12T09:43:48Z
barbara70,Samuel Mora,"EDWARDS, ROBERTS AND WATKINS",Toronto,dunncarolyn@example.com,TRUE,Policy exactly card trip time public understand news shoulder power.,186,588,340,2015-11-10T09:43:48Z
anthonypeterson,Michael Mccoy,KING-MALONE,Toronto,qhernandez@example.net,FALSE,Option majority authority sometimes here class civil.,124,912,18,2022-10-18T09:43:48Z
erin71,Zachary Griffin,MARTIN PLC,Toronto,brenda29@example.com,FALSE,Language job pattern part possible mouth attention center dream change visit state.,66,515,364,2021-02-10T09:43:48Z
amy56,Michael Davis,"COX, SNOW AND GLASS",Toronto,nathansanders@example.net,FALSE,Parent happy room suddenly whole meeting evening example half over especially choose indicate.,179,696,198,2018-07-14T09:43:48Z
eowens,Rodney Bryant,"HERNANDEZ, HUYNH AND HALE",Toronto,dannymcgrath@example.net,FALSE,Bit visit threat while draw site attorney herself.,118,864,291,2020-02-18T09:43:48Z
vpeterson,Wendy Rios,CLARK AND SONS,Toronto,jeffrey05@example.com,FALSE,Effect commercial raise gas people identify create two character quite candidate of.,189,565,148,2020-05-27T09:43:48Z
sherri46,Laura Fischer,"BANKS, WALKER AND MILLER",Toronto,sampsonbenjamin@example.org,FALSE,Include own rate each event effort Republican high job rate example sound.,69,224,379,2021-09-06T09:43:48Z
kimberly94,Jesus Thomas,MCINTYRE-STEVENSON,Toronto,dbell@example.com,FALSE,Lay hundred protect item him nice medical as open.,40,861,284,2015-04-18T09:43:48Z
spencer87,Kenneth Ramirez,LEE GROUP,Toronto,greggwest@example.org,TRUE,Admit play season century trial into.,59,322,388,2018-05-30T09:43:48Z
david39,Elizabeth Martinez,CAMACHO LTD,Toronto,csmith@example.net,FALSE,Stage late change adult less cup seven couple its their trip.,195,704,399,2017-12-16T09:43:48Z
rachelwood,Tonya Adams,"BREWER, LEE AND BRYAN",Toronto,mclark@example.net,FALSE,Require step energy receive leave meeting old of.,35,953,109,2020-07-08T09:43:48Z
moorekyle,Bobby Anderson,"GALLEGOS, HARRIS AND BLACK",Toronto,wjohnson@example.net,TRUE,Fine by unit since hear window remember.,102,284,164,2023-09-07T09:43:48Z
johngill,Briana Davis,SPARKS-WILLIAMSON,Toronto,lauren29@example.org,TRUE,Impact buy career you where forward.,80,147,37,2017-08-20T09:43:48Z
nguyenross,Carolyn Bell,"HARRISON, HILL AND BRYANT",Toronto,michele51@example.org,FALSE,Risk watch parent child turn contain affect specific government main until.,188,230,336,2015-05-26T09:43:48Z
robert87,Emily Thompson,"ONEILL, BROOKS AND GARCIA",Toronto,gravesralph@example.com,FALSE,Push receive air film nature say better game most no sing president decide.,36,994,16,2017-05-27T09:43:48Z
scastro,Kevin Williams,ROSE GROUP,Toronto,joseph43@example.net,FALSE,Animal including five civil daughter today difference from trade least both prevent.,130,591,235,2020-01-08T09:43:48Z
medinabonnie,Drew Harris,FOWLER LTD,Toronto,bradsimmons@example.com,TRUE,Eye couple different sense side enjoy hundred common perform support.,23,359,491,2018-06-26T09:43:48Z
greendonna,Sarah Harris,GREEN PLC,Toronto,fjones@example.org,TRUE,Stuff with heart employee exist according anyone father.,26,511,261,2023-01-04T09:43:48Z
lindsay34,Patrick Rosales,CISNEROS-ROBINSON,Toronto,chriscunningham@example.org,TRUE,Where challenge war there plant fire election three me indicate think fire.,48,253,425,2017-07-12T09:43:48Z
brittany19,Barbara Stevens,"KHAN, LUCERO AND FERGUSON",Toronto,myerslevi@example.org,FALSE,Issue child peace edge loss public nearly.,31,355,70,2017-08-01T09:43:48Z
danielsrobert,April Aguilar,CHEN-MANN,Toronto,hernandezdawn@example.net,FALSE,Environment itself technology mention condition imagine.,165,711,414,2016-11-26T09:43:48Z
jellison,Paul Vincent,STOKES INC,Toronto,hramsey@example.org,TRUE,Soldier region agree billion wear system west piece.,143,490,240,2018-11-16T09:43:48Z
uphillips,Justin Jackson,"GARCIA, LEVINE AND MARTINEZ",Toronto,pettymaria@example.org,FALSE,Another civil give option return gas of thus always world might wonder say.,160,540,166,2017-06-18T09:43:48Z
cbuck,Brandon Thomas,"CHAPMAN, SANCHEZ AND MYERS",Toronto,vclark@example.net,TRUE,Poor born whether five traditional call beat necessary reflect.,166,858,60,2015-04-15T09:43:48Z
jessica30,Mr. Terry Fernandez,SHANNON AND SONS,Toronto,shermansophia@example.com,TRUE,Despite capital not should drive worry against he example growth nearly argue.,170,317,145,2016-06-07T09:43:48Z
wduran,Kevin Diaz,MCCORMICK GROUP,Toronto,taylorlori@example.org,TRUE,Stage movie hit find truth probably new first spring especially few according health.,50,346,98,2017-08-26T09:43:48Z
christine51,Timothy Beltran,STANLEY INC,Toronto,joshua55@example.com,TRUE,Plant care grow low possible effort head identify open identify keep.,50,103,219,2018-10-15T09:43:48Z
epayne,Anthony Stevens,MONTOYA LTD,Toronto,quinnbradley@example.net,FALSE,You prevent site visit care small although value pressure.,84,134,128,2020-08-10T09:43:48Z
ygreen,Robin Finley,"GARCIA, TAYLOR AND WAGNER",Toronto,haynesderek@example.org,FALSE,Federal century our low process kitchen actually decision.,189,981,242,2023-01-16T09:43:48Z
choikatherine,Patrick Garrison,"SHELTON, MELENDEZ AND BUCKLEY",Toronto,jamievasquez@example.org,TRUE,Special decide control data challenge imagine police result indicate about eat.,77,907,415,2016-10-30T09:43:48Z
farmerjacob,Christine Alvarado,ARELLANO-PARKER,Toronto,zjenkins@example.com,TRUE,Of fight trade notice he risk wall use tell thousand image especially.,118,218,288,2021-04-27T09:43:48Z
aaron85,Rita Johnson,"FIELDS, WASHINGTON AND RIVERA",Toronto,vsmall@example.net,TRUE,More standard throw president sound market bill simple suddenly.,78,947,82,2023-01-15T09:43:48Z
katrina42,Jennifer Fields,SERRANO-CAMACHO,Toronto,yhodge@example.com,TRUE,Player significant indeed certain hot activity.,52,912,167,2017-03-02T09:43:48Z
alexis02,Roberto Johnson,"MILLER, STEELE AND SHERMAN",Toronto,htaylor@example.org,FALSE,Skill remember world determine according direction development hair traditional drop or allow you.,122,228,249,2016-02-13T09:43:48Z
andreaspence,Charles Carrillo,BOOTH GROUP,Toronto,rmartinez@example.com,FALSE,True agent we teach begin true house himself amount bed finish.,189,513,492,2020-10-14T09:43:48Z
morriseddie,Albert Mcneil,HILL-ANDERSON,Toronto,james22@example.org,FALSE,Water treat ago information nation conference stay tell list himself particularly wish.,122,183,316,2023-05-24T09:43:48Z
pglover,Frances Bryant,KIRK INC,Toronto,hserrano@example.com,FALSE,Front claim recent air draw cover former these phone system likely full.,198,431,319,2021-01-12T09:43:48Z
michaelthompson,Samantha Graham,FREEMAN-JOHNSON,Toronto,coopererin@example.net,TRUE,Course long beautiful laugh physical four responsibility mind.,33,335,355,2017-05-22T09:43:48Z
yfrye,Kathleen Wilson,COOK INC,Toronto,ericlee@example.com,TRUE,Everything carry citizen base nearly kitchen arrive.,182,942,147,2017-05-18T09:43:48Z
melissakeller,Johnny Anderson,"BEST, TORRES AND EATON",Toronto,bennettdaniel@example.org,TRUE,Heavy money throw movie wall reason people beyond local less.,54,582,275,2016-07-14T09:43:48Z
tonya11,Kim Green,LANE INC,Toronto,vbrowning@example.com,FALSE,Open particularly be network before against modern unit collection magazine much.,81,286,309,2018-12-14T09:43:48Z
andrewrobinson,Elizabeth Campbell,HENDRICKS LLC,Toronto,holmesphillip@example.net,FALSE,Debate look stop more modern deep direction your save mouth now.,33,582,188,2019-04-06T09:43:48Z
kathrynhall,Amy Carter,"MCDONALD, GARRETT AND HOLDEN",Toronto,ivasquez@example.net,FALSE,Feel treatment someone up allow degree indeed tonight.,92,787,63,2022-01-14T09:43:48Z
gcarney,Dana Klein,CORDOVA-HARRISON,Toronto,alicedavis@example.net,FALSE,Address knowledge turn under reflect will finish thousand may free.,115,811,263,2020-08-10T09:43:48Z
john43,Traci Cook,SCHMIDT LLC,Toronto,zmurphy@example.net,FALSE,Quickly rule minute fight million continue get medical.,150,138,242,2022-11-08T09:43:48Z
johnmaddox,Stephen Grant,PRATT-TORRES,Toronto,castanedagregory@example.net,FALSE,Drug third action medical firm east smile off raise but.,74,432,69,2015-03-06T09:43:48Z
george90,Chelsea Perez MD,"CHAVEZ, GLOVER AND WILLIS",Toronto,marywalsh@example.net,FALSE,Yeah speak prepare reason even painting animal pass full.,141,945,10,2016-06-19T09:43:48Z
charlesjohnson,Stacie Lee,"SANTIAGO, COX AND LEWIS",Toronto,danielyoung@example.org,FALSE,Billion event natural drug place six.,115,156,106,2018-01-10T09:43:48Z
susanjohnson,Jason Olsen,HENDRICKS INC,Toronto,debrarichards@example.net,FALSE,Successful stand some power man term partner himself page none.,169,875,265,2016-10-29T09:43:48Z
evansdebra,Ann Nelson,ONEAL LLC,Toronto,gcole@example.com,FALSE,Theory dog indicate green act summer seem plant including garden.,23,309,146,2017-09-06T09:43:48Z
wreyes,Theresa Dudley,WOOD AND SONS,Toronto,sandersaimee@example.net,TRUE,Before human month south he stuff early.,83,549,460,2016-01-04T09:43:48Z
kimberly72,Steven Davis,MCKENZIE LLC,Toronto,brian95@example.net,FALSE,Fine source season part avoid wind third cell think light listen floor but.,41,130,332,2017-01-05T09:43:48Z
brandonwarner,Robert Price,"MCLEAN, KRAMER AND ACOSTA",Toronto,williamspaula@example.net,TRUE,Bill late effect parent population natural teach rule.,191,263,169,2017-08-30T09:43:48Z
kleinallison,Lawrence Ferguson,MOORE LLC,Toronto,anthonysims@example.net,TRUE,About film daughter wait it power send dog rich quickly ten home hit.,151,518,57,2021-04-27T09:43:48Z
hallrichard,Marissa Taylor,PROCTOR-EDWARDS,Toronto,johnsimpson@example.org,TRUE,Billion benefit point Democrat get deal recent discover commercial especially experience traditional policy.,128,221,341,2022-02-11T09:43:48Z
hubermatthew,Joshua Chapman,"FITZGERALD, BURTON AND MARTINEZ",Toronto,fjimenez@example.org,FALSE,Free either put road guess heart window find increase interview indeed.,193,399,270,2015-12-06T09:43:48Z
christycarpenter,Matthew Reyes,"SMITH, GRAVES AND SHERMAN",Toronto,shawdouglas@example.net,FALSE,Power forward enter often result professor sure through before certain including.,116,955,257,2018-07-18T09:43:48Z
garciachristopher,Michelle Williams,"GOODMAN, WELLS AND RAY",Toronto,kaitlynschultz@example.com,TRUE,Opportunity agency ok way design us truth.,126,665,84,2019-07-16T09:43:48Z
ernestbryant,Gina Lucas,DAVIS-JACOBS,Toronto,cherylbrown@example.org,TRUE,Tonight care we expect any risk stage trial make professional pay gun mention.,163,621,392,2022-04-23T09:43:48Z
Apr-79,David Marsh,JOHNSTON-GOODWIN,Toronto,brentmorgan@example.com,TRUE,Deep why camera minute art project little hour exactly nice until.,80,892,414,2019-03-10T09:43:48Z
bonnie31,James Smith,CARLSON GROUP,Toronto,vcurtis@example.com,FALSE,Political reflect both arrive total author.,139,374,430,2023-10-24T09:43:48Z
joneselizabeth,Susan Baker,"WATSON, JACKSON AND MANN",Toronto,spencervaughn@example.net,FALSE,Interview trip on say north physical movement because.,195,406,438,2017-04-04T09:43:48Z
michael27,Anna Norton,WILLIAMS LTD,Toronto,vanderson@example.net,FALSE,Information huge blue data money bed.,48,558,285,2018-05-30T09:43:48Z
rhodeskimberly,Philip Miller,"PERRY, LYONS AND SNYDER",Toronto,michael40@example.org,FALSE,Avoid business without itself crime live different focus produce challenge senior look.,95,666,400,2017-09-30T09:43:48Z
christinahanna,Alex Berg,"PATTON, BARRETT AND BRADFORD",Toronto,phartman@example.com,FALSE,In part have center since mission adult time bad push message create song.,126,430,455,2021-09-22T09:43:48Z
powelllindsey,Ryan Mills,"YOUNG, WILLIAMS AND JONES",Toronto,arthurmalone@example.com,TRUE,Always land real apply energy property.,156,493,129,2015-02-22T09:43:48Z
wilsonellen,Adriana Kim,"MORRIS, GARRETT AND MILLER",Toronto,zadams@example.net,FALSE,Strategy seven exist training old financial grow message task little meet perhaps.,21,426,391,2018-07-15T09:43:48Z
eric26,David Benitez,"WALKER, TAYLOR AND ARMSTRONG",Toronto,danny25@example.org,FALSE,Almost trouble both small prove three policy although able.,108,780,415,2016-07-12T09:43:48Z
peter31,Jasmin Brown,GALLOWAY-HARPER,Toronto,shelby28@example.org,TRUE,Place when early minute measure boy dream choose us.,136,138,74,2018-03-17T09:43:48Z
gina29,Eric Frank,LOPEZ-HAYS,Toronto,adrienne21@example.org,FALSE,Fund true mother easy else partner information act next.,35,996,442,2018-11-26T09:43:48Z
jacobsmith,Kelly Barnes,"MYERS, SHELTON AND JONES",Toronto,natasharobinson@example.net,TRUE,Democratic past significant front against mind increase image voice cause cold method doctor.,144,568,17,2015-09-27T09:43:48Z
bdominguez,Joshua Sullivan,THOMAS-DOUGHERTY,Toronto,patricia40@example.net,TRUE,Usually adult focus tell economy contain in really.,114,992,345,2022-02-09T09:43:48Z
umalone,Michael Day,"ROBINSON, WARD AND HARDING",Toronto,sandybrady@example.org,TRUE,Black kitchen six write around between financial.,130,901,145,2020-01-17T09:43:48Z
zfletcher,Maria Hayes,GARZA-CARROLL,Toronto,phamrachel@example.net,FALSE,Carry during leg range here company worker produce data phone new.,176,183,446,2020-02-27T09:43:48Z
ryan80,Leslie Kaiser,VILLANUEVA INC,Toronto,lwilliams@example.net,FALSE,Above me way laugh affect reason identify development.,91,742,377,2015-04-29T09:43:48Z
turnermegan,Robert Payne,WALKER-STRONG,Toronto,laurairwin@example.com,FALSE,Eye something section use lot true perform song item or produce stock policy.,148,137,326,2023-01-27T09:43:48Z
caitlinjenkins,Brett Rivers,GRAY-COOK,Toronto,alexander28@example.net,TRUE,Box these rather old area pressure.,171,801,481,2020-08-13T09:43:48Z
jamie01,Kenneth Walker,BUCK LLC,Toronto,cantrellelizabeth@example.net,TRUE,Then worry bank carry answer condition drop position whatever.,33,545,60,2015-04-25T09:43:48Z
stephaniebaker,Emily Pittman,PEREZ GROUP,Toronto,lopezchristopher@example.net,TRUE,Local statement both yes former top.,123,271,365,2020-06-25T09:43:48Z
jameslarsen,Karen Wright,SWANSON GROUP,Toronto,anthonymoon@example.net,TRUE,Article fill computer recent focus on wife help until.,21,433,417,2023-03-19T09:43:48Z
jamie74,Dr. Brian Wilson,"WILLIAMS, GARCIA AND DAVIDSON",Toronto,katelyn36@example.org,FALSE,Improve dog method grow free behind.,101,484,230,2022-03-17T09:43:48Z
matthew57,Thomas Scott,"ELLIOTT, REYNOLDS AND RANDOLPH",Toronto,jill40@example.net,TRUE,Address material their matter future begin become eat short medical safe.,145,522,299,2016-03-12T09:43:48Z
susan88,Shirley Morales,"LIU, HOLMES AND STEPHENSON",Toronto,eileen44@example.com,TRUE,Agency major could art drive character.,53,280,50,2017-01-02T09:43:48Z
fjones,Tanya Lester,"JONES, MARSHALL AND GENTRY",Toronto,lopezbailey@example.org,FALSE,Work capital administration base up four.,168,800,133,2018-04-05T09:43:48Z
belltracy,Richard White,"PACHECO, SILVA AND RICHARDSON",Toronto,nancy57@example.net,TRUE,On nice situation stock difficult without opportunity bed admit sing court west expert.,69,573,336,2020-12-28T09:43:48Z
john81,Juan Sawyer,DAVIS-RYAN,Toronto,patricia94@example.net,FALSE,Clear move society voice upon wonder use interesting hot race million step.,75,783,14,2018-08-16T09:43:48Z
kentstefanie,Jennifer Berger,SHARP-KENNEDY,Toronto,madison50@example.org,FALSE,Partner speak receive program read short product card economic team.,183,660,90,2023-01-05T09:43:48Z
lauren12,Michelle Velez,GLOVER INC,Toronto,robert73@example.com,FALSE,Save station various medical listen game meet discover in item win measure standard.,98,702,163,2016-09-03T09:43:48Z
whitehannah,Lori Ross,JACKSON-BRADLEY,Toronto,daniel64@example.com,FALSE,Rule common glass off section sign room.,186,357,243,2020-06-14T09:43:48Z
johnstein,Joseph Graham,LEBLANC AND SONS,Toronto,lindataylor@example.com,TRUE,Decision management place may stock message.,108,974,257,2022-08-24T09:43:48Z
debbie91,Amanda Reese,GARCIA LLC,Toronto,deannagarcia@example.net,TRUE,Be free fall total full spring if land kid.,107,686,193,2017-05-24T09:43:48Z
batescrystal,Christopher Davis,BROOKS AND SONS,Toronto,dudleymary@example.com,FALSE,Interview purpose drive family scientist Mrs even keep few.,189,403,21,2016-06-16T09:43:48Z
ulopez,Lisa Hudson,PETERS GROUP,Toronto,hclark@example.com,FALSE,Hit TV far rich prove room.,80,109,299,2016-02-24T09:43:48Z
lirwin,Anna Skinner,BLAIR-EDWARDS,Toronto,kyates@example.org,TRUE,Close image former simple upon whatever light real else network officer kind include.,165,864,264,2020-08-18T09:43:48Z
castilloryan,Aaron Clay,WILKERSON LTD,Toronto,alisonbarry@example.org,TRUE,Especially answer data much number plan standard agency total garden teacher.,165,922,190,2021-05-20T09:43:48Z
mmalone,Stephen Martinez,"BROWN, WOODS AND JOHNSON",Toronto,meltonmaria@example.com,TRUE,One long born suggest my different become three.,168,357,357,2015-05-15T09:43:48Z
scotthicks,Mary Hodges DVM,BECKER-MEDINA,Toronto,valentinedaniel@example.org,TRUE,Blood imagine summer wait certain recent set.,170,200,472,2016-10-20T09:43:48Z
theresa99,Jeffrey Mendoza,THOMAS-ACEVEDO,Toronto,cynthia89@example.net,TRUE,Citizen game minute red read major general industry theory son.,89,908,235,2023-06-20T09:43:48Z
josephmorales,Rachael Olson,"KENNEDY, ALVAREZ AND SCHULTZ",Toronto,ccochran@example.org,FALSE,Pull evidence time child practice long debate pay father weight possible own.,197,235,56,2020-07-13T09:43:48Z
bjones,Justin Johnson,SMITH AND SONS,Toronto,wardlindsay@example.org,FALSE,Crime care class heart strategy then rather game section right teach lose charge.,116,280,112,2022-05-11T09:43:48Z
jesus26,Steven Campbell,WAGNER-PRATT,Toronto,usmith@example.org,FALSE,Lot city yard necessary material grow than arrive third.,145,614,477,2020-10-13T09:43:48Z
coleangie,Cassandra Case,CHAMBERS INC,Toronto,cfranklin@example.com,TRUE,Such cold know others spend line.,75,945,493,2018-06-09T09:43:48Z
sharon17,Nicole Hartman,"HARPER, WILKINSON AND BAKER",Toronto,daniel27@example.com,FALSE,Prepare final author wrong turn teach any green almost whatever wrong small believe.,96,924,68,2018-08-03T09:43:48Z
beverly89,Linda Mann,ELLIOTT-ARCHER,Toronto,david22@example.net,TRUE,Open audience though quite not worry subject director everybody term point good.,46,873,125,2016-04-03T09:43:48Z
perezpamela,Anita Clark,BECKER GROUP,Toronto,henryphillip@example.net,FALSE,Third moment enough east modern approach recent.,152,475,56,2014-12-22T09:43:48Z
vanderson,Jaime Fields,"COOK, MEYER AND PHELPS",Toronto,pjacobs@example.net,FALSE,Never character return charge doctor because.,13,371,284,2022-06-15T09:43:48Z
ashley17,Anthony Owens,REED-HARVEY,Toronto,colton17@example.net,FALSE,Only kind somebody short star red medical property capital.,104,789,393,2016-04-20T09:43:48Z
erinlogan,Steven Mccoy,SANTOS-HUERTA,Toronto,lauramiller@example.com,FALSE,Fly lead foreign our service must.,159,491,431,2016-09-05T09:43:48Z
mayspaul,Allison Parker,"HENSLEY, ALVAREZ AND WOOD",Toronto,benjamin77@example.com,FALSE,Like eye edge notice yet easy heavy camera.,37,792,129,2018-07-21T09:43:48Z
cartertheresa,Jon Lee,GILBERT AND SONS,Toronto,jbrown@example.org,TRUE,Hand feeling speech consider year theory beyond story serious hear.,168,675,177,2016-12-31T09:43:48Z
fpeck,Jessica Salinas,RODRIGUEZ-BELL,Toronto,stoutjoseph@example.com,TRUE,View job difficult total administration organization home consumer if list what speak still.,175,165,335,2018-08-20T09:43:48Z
david26,Trevor Delacruz,GORDON AND SONS,Toronto,beardjohn@example.org,FALSE,Out require paper buy nice theory fall charge community theory way.,176,519,69,2022-04-10T09:43:48Z
yrice,Carrie Mills,MILLER GROUP,Toronto,renee05@example.com,TRUE,Forget hair feel hard benefit take church.,19,412,262,2022-07-16T09:43:48Z
penamaria,Glenda Reyes,BYRD-MEDINA,Toronto,tammypaul@example.com,TRUE,Away professional born accept other assume off rate ground.,70,651,79,2019-06-26T09:43:48Z
leachcody,Misty Schneider,CURTIS INC,Toronto,wross@example.org,FALSE,Tough address draw government develop property small.,104,787,496,2015-07-05T09:43:48Z
smithmatthew,William Fox,"PETERSON, BUTLER AND SMITH",Toronto,mclaughlinedward@example.com,FALSE,Song once hundred director type task middle almost.,160,861,382,2022-02-09T09:43:48Z
tara85,Alexander Turner,WEISS-MOORE,Toronto,joshualee@example.com,FALSE,Piece body blue east dark leave Mr development such meet woman side space.,177,202,436,2018-05-09T09:43:48Z
michaeldonald,Matthew Velazquez DDS,ZIMMERMAN LLC,Toronto,allison87@example.org,FALSE,Want such most science four policy save nor many society give.,81,134,363,2019-09-08T09:43:48Z
stephen92,Jeffery Fuentes,CHERRY INC,Toronto,diana84@example.com,TRUE,Really campaign piece should second card director college line paper garden.,123,556,496,2021-03-11T09:43:48Z
jonathanjordan,Jesus Meyer,GUTIERREZ LLC,Toronto,mharris@example.com,FALSE,Life leg blood guy significant that house effort voice gas.,35,803,198,2017-09-25T09:43:48Z
moorediane,Robert Ellis,"HERMAN, THOMPSON AND WILLIS",Toronto,marie12@example.org,FALSE,Create painting agreement phone might again seek find none hospital wide.,25,508,151,2021-09-17T09:43:48Z
stephanie05,Mrs. Heather Lopez,MOLINA INC,Toronto,curtis39@example.com,TRUE,Vote medical various might as should others need save picture thank firm.,126,194,349,2021-06-18T09:43:48Z
susanmoran,Sabrina Lam,PHILLIPS INC,Toronto,gutierrezconnie@example.com,TRUE,Middle its eat administration former personal card maintain pull relate accept control.,22,906,180,2021-02-09T09:43:48Z
andersenjennifer,Mr. Nicholas Sexton,"HANSEN, MCCALL AND PARKER",Toronto,cchavez@example.org,TRUE,Attack politics step industry strategy husband either.,154,311,45,2015-04-05T09:43:48Z
michael46,Melvin Walker,"THOMAS, DECKER AND GONZALEZ",Toronto,veronicapeterson@example.org,TRUE,Small head we minute something we picture evening.,160,322,426,2021-03-24T09:43:48Z
nancy15,Erik Stevens,"COFFEY, BROCK AND FREEMAN",Toronto,omitchell@example.net,FALSE,Wide my age memory foreign thought day tough discover beautiful analysis point.,47,908,471,2017-02-26T09:43:48Z
cchambers,Kristin Richards,LEE-COLLINS,Toronto,angela94@example.net,TRUE,Majority position computer marriage until seem approach.,80,980,84,2022-05-20T09:43:48Z
cummingsamanda,Alison Martinez,"DAVIS, THOMAS AND WEAVER",Toronto,bakerkatie@example.org,FALSE,Almost leader others only quite player strong similar want perhaps whose.,54,213,348,2023-07-21T09:43:48Z
dsullivan,Andrew Reeves,"MARSH, GARCIA AND RICHARDSON",Toronto,williamsclayton@example.org,TRUE,Throw create open event live start leader growth along behavior within story.,13,467,414,2014-12-31T09:43:48Z
darlene93,Jenna Carroll,"HARRIS, HART AND GROSS",Toronto,vcollins@example.org,TRUE,Vote certainly decade low community cold born weight machine cup to.,160,432,18,2021-11-20T09:43:48Z
christinehogan,Jessica Armstrong,LAMBERT INC,Toronto,eirwin@example.com,FALSE,Across order campaign guy anything ago worry end generation national section race.,23,230,389,2019-02-13T09:43:48Z
echristian,Darryl Clarke,FLETCHER-WASHINGTON,Toronto,estevens@example.org,TRUE,Could conference lose find its resource lay speech whatever bed election will score.,200,166,253,2018-10-24T09:43:48Z
azhang,Lance Price,OWENS-PRICE,Toronto,johnnygonzalez@example.org,FALSE,Issue right thought lot child wife.,141,708,65,2018-10-09T09:43:48Z
gpowell,Travis Turner,NGUYEN-YORK,Toronto,seanvargas@example.com,TRUE,Purpose expert house up mean suddenly idea program remember since evidence hour.,167,145,382,2015-01-21T09:43:48Z
brownamber,Michael Warren,HAYNES-PEREZ,Toronto,katie78@example.net,FALSE,Spring play ready nice ready top we.,127,759,25,2023-02-27T09:43:48Z
jamestownsend,Tiffany Butler,WILLIAMS GROUP,Toronto,lashley@example.net,FALSE,Which pattern director star central treat guess hotel.,112,537,361,2022-08-18T09:43:48Z
jennifer80,Daniel Santos,UNDERWOOD-COLLINS,Toronto,gregory53@example.org,FALSE,Skin close defense magazine keep capital argue so evidence issue.,192,555,47,2022-12-08T09:43:48Z
amandaatkinson,Ana Pham,WHEELER-BLANCHARD,Toronto,sthomas@example.net,FALSE,Care determine majority describe write say.,165,252,43,2022-06-05T09:43:48Z
tross,Christopher Guerrero,"KING, GAINES AND MILLER",Toronto,sharpelizabeth@example.org,FALSE,Operation usually sport establish cold would full son.,169,749,309,2017-09-09T09:43:48Z
jonesevan,Jennifer Shelton,FINLEY GROUP,Toronto,njordan@example.com,FALSE,Stuff little ok behind major lose service.,107,712,281,2020-07-14T09:43:48Z
brianhall,Katherine Jensen,SANTANA-DUNCAN,Toronto,christiandiaz@example.org,FALSE,Four weight magazine issue experience subject.,139,720,230,2022-09-23T09:43:48Z
ibrown,Victor Walsh,ESPINOZA PLC,Toronto,cynthiamoore@example.net,TRUE,Involve manager back computer now feeling factor hotel school.,177,767,459,2015-03-21T09:43:48Z
roger65,Sarah Ross,KENNEDY AND SONS,Toronto,dawn62@example.com,TRUE,Pattern drug various despite about rather similar least.,120,563,464,2021-04-12T09:43:48Z
thompsonsamantha,Paula Holt,"TUCKER, HILL AND COLE",Toronto,cartersteven@example.com,FALSE,Real free condition weight assume nor.,96,948,242,2019-05-15T09:43:48Z
kimdanny,Christine Brown,"VAZQUEZ, CLARK AND RIVERA",Toronto,lynchstephen@example.org,FALSE,Law work conference join nice available miss benefit good.,196,198,170,2019-01-20T09:43:48Z
waderyan,Rebecca Casey,"HARRIS, CRUZ AND WILLIAMS",Toronto,aaronthompson@example.org,FALSE,Down after forward administration deep field.,180,362,201,2022-02-16T09:43:48Z
waynebarron,Melissa Forbes,WEBER GROUP,Toronto,hferguson@example.org,FALSE,Consider purpose energy partner couple toward interest capital say tough relate.,27,194,435,2022-11-19T09:43:48Z
thomas84,Jennifer Torres,PARSONS INC,Toronto,nmorgan@example.com,TRUE,Summer government investment here discover expert learn put allow.,120,199,391,2015-07-22T09:43:48Z
mkeith,Matthew Bradford,RODRIGUEZ GROUP,Toronto,blewis@example.net,FALSE,But yourself there special run bill method at note wear.,43,670,40,2017-04-06T09:43:48Z
kortiz,Maxwell Gonzalez,TURNER LTD,Toronto,shahwilliam@example.net,FALSE,School executive tree also bit record.,181,226,220,2019-11-16T09:43:48Z
shepardjennifer,Austin Hall,ANDERSON-BONILLA,Toronto,chelsea12@example.org,FALSE,Reason move son analysis another nice.,194,153,157,2017-02-08T09:43:48Z
seanrodriguez,Susan Erickson,"ANDERSON, LONG AND GROSS",Toronto,whall@example.org,FALSE,Show join lawyer fast such participant else kitchen.,100,207,305,2018-02-24T09:43:48Z
coopernicholas,Joshua Gray,"WILKINSON, GREEN AND STUART",Toronto,amyrobinson@example.net,TRUE,Trip improve not coach data available admit green arrive.,49,773,256,2021-04-29T09:43:48Z
kenneth83,Joshua Herman,PORTER-FARMER,Toronto,john72@example.net,TRUE,American compare form system fire increase minute need despite rate.,99,966,294,2019-09-20T09:43:48Z
johncampbell,Cameron Mills,ELLIS LLC,Toronto,terri50@example.net,TRUE,Moment address ago wind whatever mouth probably stuff.,81,688,125,2019-01-11T09:43:48Z
twalker,Beth Walker,PARKER-TAYLOR,Toronto,wsmith@example.org,TRUE,Simple leader interesting parent sometimes general event.,165,774,434,2016-01-24T09:43:48Z
gonzalezwilliam,Kelly Meyer,PETTY AND SONS,Toronto,carolyn20@example.com,FALSE,Occur nation some structure yeah fire responsibility trade positive.,17,285,149,2015-12-17T09:43:48Z
deniseramirez,Christopher Spencer,"WILLIAMS, VARGAS AND HOWARD",Toronto,mendozashannon@example.org,FALSE,Road store leader trouble or skill.,96,460,13,2021-10-21T09:43:48Z
zyates,Ashley Cook,"CLEMENTS, OLSON AND MOORE",Toronto,corey84@example.net,TRUE,Already again admit pull population measure condition everyone.,154,774,215,2023-01-22T09:43:48Z
meganblackburn,Holly Beasley,JACKSON GROUP,Toronto,wgomez@example.com,TRUE,In walk beyond per fire but.,199,749,25,2022-10-24T09:43:48Z
heather59,Deborah Brown,NELSON LTD,Toronto,mcgrathjamie@example.org,TRUE,Player movement first single scene song boy responsibility art minute for.,106,530,242,2020-01-07T09:43:48Z
parkerrobinson,Gregory Jackson,"MORAN, FRANKLIN AND LOWERY",Toronto,heidivalentine@example.com,TRUE,Require early central where go southern property of site join oil seven.,104,420,379,2020-03-15T09:43:48Z
sheltonrandall,Andrew Greene,"GARCIA, PADILLA AND RODRIGUEZ",Toronto,dianavaughan@example.net,TRUE,Building letter able enter produce measure color.,23,260,90,2015-05-19T09:43:48Z
smithcarlos,Paige Marshall,"CASE, BUCKLEY AND CLARK",Toronto,xmcintyre@example.org,TRUE,Tend rule meeting practice crime since sign hundred executive never leave treat business.,182,184,149,2018-11-15T09:43:48Z
wendysmith,Frank Moore,SULLIVAN PLC,Toronto,susan73@example.com,FALSE,Small mind government main upon understand look.,134,722,236,2019-03-13T09:43:48Z
ronnie26,Jill Smith,"CONNER, MILLER AND JEFFERSON",Toronto,obaker@example.org,FALSE,Loss coach organization high religious ten war pick by sport office clear.,65,874,272,2022-07-25T09:43:48Z
robertoowen,Tiffany Williams,MORRISON-SMITH,Toronto,melaniethompson@example.com,FALSE,Consumer sort total professor serve season light high let.,120,214,155,2016-03-27T09:43:48Z
gthompson,James Schwartz,"MCDONALD, GROSS AND CARR",Toronto,mariahlewis@example.org,FALSE,Kitchen table key fine plant market rather develop east white.,144,784,167,2023-05-01T09:43:48Z
moniquestrickland,Mary Burke,"MARKS, ROBERTS AND PRESTON",Toronto,olsenpatricia@example.org,TRUE,Dark open few daughter simply after.,111,714,38,2023-10-03T09:43:48Z
peter25,Tony Miller,THOMAS INC,Toronto,iallen@example.org,TRUE,Team statement recognize benefit point rich outside arrive space stock all down general.,87,317,402,2022-04-20T09:43:48Z
alexander66,Emily Williams,TAYLOR AND SONS,Toronto,thomas45@example.com,FALSE,Production standard wear court name look fund third.,84,436,71,2023-10-03T09:43:48Z
morgancallahan,Edward Smith,"MILLER, CHARLES AND HUERTA",Toronto,millerbarbara@example.com,FALSE,State sometimes possible through girl push ago owner player media grow.,120,280,76,2019-07-30T09:43:48Z
qshah,Crystal Li,ROBERTS-REID,Toronto,thomas50@example.com,TRUE,Offer approach business message follow or new.,138,673,436,2016-05-07T09:43:48Z
jonathan85,Michael Lyons,DOUGLAS AND SONS,Toronto,whitneyduran@example.org,FALSE,Age force fine toward produce factor.,28,507,451,2015-07-09T09:43:48Z
austin84,Stephanie Fernandez,TRAN-SANDERS,Toronto,johnschristopher@example.org,TRUE,Others join never send mother ahead.,121,120,245,2022-12-20T09:43:48Z
karentate,Samantha Rodriguez,FUENTES-LEE,Toronto,agomez@example.net,FALSE,Truth deal available read suggest ball it very college foreign magazine animal again.,157,540,303,2019-04-22T09:43:48Z
myersjacob,James Burton,COOK-BISHOP,Toronto,justin97@example.org,FALSE,Base always north career pass single tax.,84,218,217,2023-08-10T09:43:48Z
ymorris,Matthew Weiss,CARSON-RODRIGUEZ,Toronto,iwade@example.org,FALSE,A nothing foot audience manager cost interest prove drive star.,53,921,495,2016-11-28T09:43:48Z
sosaconnie,Lori Winters,HINES-KELLEY,Toronto,brittany69@example.net,FALSE,Challenge throw myself recently can none.,186,471,55,2018-12-11T09:43:48Z
ashley58,Lauren Green,JACKSON-ALVARADO,Toronto,burkeelizabeth@example.com,TRUE,Identify civil large store for address it structure throw war near election.,72,547,311,2019-05-08T09:43:48Z
lauren24,Amanda Edwards,"STRICKLAND, MILLER AND ROBINSON",Toronto,osnow@example.org,TRUE,Sometimes score modern eat nation product.,111,992,168,2015-06-24T09:43:48Z
thomas90,Kenneth Baker,"GUZMAN, SOLIS AND SANCHEZ",Toronto,udillon@example.net,FALSE,Everybody factor player today debate career kind major main trial always.,66,442,408,2021-12-15T09:43:48Z
pgray,Chelsea Martinez,"MOORE, JORDAN AND MARTIN",Toronto,jonestravis@example.org,TRUE,Of agency address process skin if.,140,749,68,2017-11-21T09:43:48Z
dcasey,Mrs. Kathryn Pope DVM,ANDERSON-HART,Toronto,ydavis@example.org,TRUE,For special final short season message election human reflect least authority there environment.,99,460,382,2016-08-08T09:43:48Z
dustin61,Holly Williams,HENRY PLC,Toronto,xhammond@example.com,TRUE,Talk see help relationship church several sure of sometimes this.,70,206,84,2020-12-20T09:43:48Z
jwright,Sarah Robbins,WEEKS-SOTO,Toronto,mary45@example.com,TRUE,East woman about case my serve act if party foreign husband budget character.,54,717,88,2015-04-26T09:43:48Z
pamelastewart,Jessica Brown,"EDWARDS, MOORE AND SPARKS",Toronto,traviswayne@example.org,TRUE,Continue mother gas this section second always itself project drive accept.,55,892,331,2018-04-20T09:43:48Z
douglas82,Michael Vasquez,MCINTYRE LTD,Toronto,iharris@example.net,FALSE,Allow suggest term fear source weight official address ground manager too finish.,154,879,306,2018-10-22T09:43:48Z
scox,Allen Simmons,PRICE-STANLEY,Toronto,dalevance@example.net,FALSE,Arrive public its stage outside student cultural significant water reality factor next build.,170,424,87,2018-11-28T09:43:48Z
andersonmegan,Edward Miller,"YOUNG, MOORE AND PITTS",Toronto,daniellerussell@example.net,TRUE,Performance agent black Mr could end entire assume.,130,553,333,2020-06-11T09:43:48Z
nicolelivingston,William Barton,"BOOTH, HICKMAN AND RYAN",Toronto,erichickman@example.net,FALSE,Raise training no social popular say.,161,158,190,2018-02-24T09:43:48Z
petergarcia,Brittney Kelly,TAYLOR-SCOTT,Toronto,tedwards@example.com,TRUE,Necessary sometimes successful himself brother mother apply usually about behind physical according traditional.,89,573,241,2023-06-02T09:43:48Z
rgutierrez,Holly Washington,WALKER-DELGADO,Toronto,jpeterson@example.com,TRUE,Month analysis knowledge low someone thing although do human board senior soldier heavy shake.,104,952,156,2022-12-24T09:43:48Z
davisgary,William Allen,SMITH LTD,Toronto,timothydavenport@example.com,TRUE,Bank show argue involve book professor.,167,709,269,2019-07-13T09:43:48Z
turneramy,Robert Cohen,SANCHEZ INC,Toronto,jason92@example.com,FALSE,Still common leave add approach along reason kitchen.,158,668,498,2014-12-17T09:43:48Z
elizabeth36,Jacob Crawford,"NGUYEN, HIGGINS AND SERRANO",Toronto,cody82@example.com,TRUE,Be whose day billion year interest rather morning response care benefit decide.,125,930,302,2016-07-13T09:43:48Z
jacqueline84,Eric Mcgee,"NELSON, VANCE AND MONTGOMERY",Toronto,howelldana@example.com,TRUE,Approach real already vote professional specific teacher meeting trip phone so source lot.,92,720,253,2018-03-21T09:43:48Z
zwhite,Nicholas Campbell,BURNETT-FERGUSON,Toronto,mary89@example.org,TRUE,Trip build feeling resource wind five manage magazine view.,25,562,62,2019-12-28T09:43:48Z
alexanderhunt,Keith Daniels,FAULKNER-BONILLA,Toronto,psimmons@example.net,TRUE,Common degree simply level specific late national executive put nothing.,139,762,98,2023-05-27T09:43:48Z
pmontoya,Melissa Vance,"POPE, BRYAN AND PACE",Toronto,keithphillips@example.com,TRUE,Age board reflect rather accept mission national street more knowledge production avoid future.,191,549,234,2017-12-18T09:43:48Z
sullivankenneth,Kenneth Bailey,COLE-GEORGE,Toronto,wwright@example.com,TRUE,Inside page note trouble family choose positive sister peace event movie everyone guy.,103,482,479,2020-09-01T09:43:48Z
colemanshelly,Cameron Brown,PERKINS AND SONS,Toronto,taylor10@example.com,FALSE,Throw situation nice newspaper owner throw carry tell really sister.,114,894,183,2016-03-24T09:43:48Z
hillmichael,Ricky Bartlett,HUNTER LTD,Toronto,fordpatrick@example.net,TRUE,Community effort probably democratic play Republican.,171,763,181,2023-02-07T09:43:48Z
michelleevans,James Jones,"AGUILAR, PAYNE AND DAY",Toronto,jhansen@example.net,FALSE,Customer wife step visit employee technology edge opportunity us available sea over.,34,672,357,2019-07-04T09:43:48Z
michelleroberson,Melinda Herring,NORTON AND SONS,Toronto,brandon07@example.org,FALSE,Whether back world class night authority pull maintain pretty.,74,842,446,2016-06-23T09:43:48Z
paula57,Blake Patton,DICKERSON-BUTLER,Toronto,chloe33@example.org,TRUE,Eight fly compare believe capital surface.,95,184,308,2016-05-25T09:43:48Z
albertmunoz,Jennifer Fields,WHITE-ALLEN,Toronto,joshua02@example.net,TRUE,Push analysis card paper type debate fire near us learn yet as.,99,418,345,2016-01-04T09:43:48Z
uhumphrey,Michael Romero,"WYATT, SMITH AND BEAN",Toronto,narmstrong@example.org,FALSE,Tough hour after politics spring dog prove relationship whatever camera according.,43,710,372,2022-11-21T09:43:48Z
carolyoung,Megan Zavala,"WATSON, WEISS AND LANDRY",Toronto,mannlaura@example.net,FALSE,International range able free would ten today opportunity five seem participant after policy federal.,153,486,339,2014-12-18T09:43:48Z
claudiawilliams,Jorge Barnett,BARTON-DANIELS,Toronto,jeremiahlewis@example.net,FALSE,Huge move Democrat soldier claim suffer.,42,787,369,2015-07-22T09:43:48Z
sandovalscott,Robert Jones,WILLIAMS-HILL,Toronto,jeffrey68@example.net,TRUE,Environment professor follow movie image share method address owner whether onto start.,175,787,226,2018-02-20T09:43:48Z
schmittelizabeth,Christopher Wagner,CRAWFORD-LANE,Toronto,brandon35@example.net,FALSE,Will situation plan everyone arrive onto evening glass.,14,472,168,2021-10-26T09:43:48Z
mindyharper,Jesse Leblanc,"ALI, SMITH AND CLARKE",Toronto,todd16@example.org,TRUE,Include sure establish American knowledge upon prevent reason.,97,885,258,2021-09-08T09:43:48Z
bbrown,Daniel Cohen,MORGAN-SCOTT,Toronto,nzavala@example.org,TRUE,Issue style time Democrat agree five town just six tell former.,45,259,49,2020-07-10T09:43:48Z
carrdaniel,Karen Johnson,"PARSONS, WANG AND RAMIREZ",Toronto,ryan80@example.org,TRUE,That ability church cell husband like morning bank.,139,890,286,2015-07-23T09:43:48Z
dmartinez,Tina Parsons,"HICKS, SCOTT AND ESPINOZA",Toronto,perezryan@example.net,TRUE,Age can too better opportunity court.,179,445,458,2015-04-01T09:43:48Z
josephbowers,Jennifer Robinson,FLYNN-HOLLAND,Toronto,deckerangela@example.net,TRUE,Need alone nearly ten decade protect above rule list worry out seat.,162,486,88,2022-01-08T09:43:48Z
robertwood,Karen Chapman,WILLIAMS-MCCOY,Toronto,opotter@example.com,TRUE,Whole paper would democratic back name place the wrong past.,187,890,329,2021-12-25T09:43:48Z
destiny29,Lisa Ballard,"GALLAGHER, LANE AND THOMAS",Toronto,ronaldjohnson@example.com,FALSE,Offer month activity picture approach garden fire will election small question career by.,21,521,196,2016-04-03T09:43:48Z
freid,Olivia Compton,"GOLDEN, SCHMIDT AND POWERS",Toronto,whughes@example.net,TRUE,Leave western at Congress change shake free street Republican leg.,123,726,155,2015-05-28T09:43:48Z
chelsey17,Brian Scott,GONZALEZ PLC,Toronto,barbarapeters@example.net,FALSE,Among occur street consider under quickly fine world.,69,647,132,2020-05-15T09:43:48Z
ibradley,Thomas Edwards,PRICE INC,Toronto,whitekevin@example.org,FALSE,Condition name how determine win nor I option ball amount fill talk decide.,59,477,357,2017-06-11T09:43:48Z
devon39,David Gomez,RIVERA LLC,Toronto,chad12@example.org,FALSE,Exactly follow own hot power follow end peace response head may author lead.,128,888,154,2015-02-11T09:43:48Z
kramirez,Nathan Burton,JONES-COOLEY,Toronto,ebrock@example.com,FALSE,Back wall card speech statement ball sell third cut game adult pass admit.,138,641,224,2022-01-09T09:43:48Z
amanda93,Larry Esparza,MILES-SHEPPARD,Toronto,andrea65@example.net,TRUE,Outside despite information my west movement kitchen opportunity speak wall.,164,242,456,2021-01-13T09:43:48Z
swood,Alex Curtis,"THOMAS, MILLER AND WALLACE",Toronto,paulwilliams@example.org,TRUE,Generation police picture sport dinner from natural miss.,174,593,457,2019-09-05T09:43:48Z
ewheeler,Caitlin Gonzalez,GORDON-HUNTER,Toronto,rebecca79@example.org,TRUE,None analysis expect idea safe position arrive base suggest more there economy.,192,967,274,2022-06-11T09:43:48Z
michaelbailey,Kimberly Wells,BURNETT-MEADOWS,Toronto,kthomas@example.net,FALSE,Recently quite there prove product position return.,31,882,92,2020-10-12T09:43:48Z
rothnicholas,Caitlyn Frazier,"DAVIS, DOWNS AND TODD",Toronto,stevenwilliams@example.net,FALSE,Sound lead significant first discover concern high.,141,251,435,2018-12-08T09:43:48Z
cclark,Brian Freeman,PEREZ INC,Toronto,shelby84@example.org,TRUE,Involve Democrat add past other agree answer.,66,937,240,2019-12-03T09:43:48Z
amber16,Robert Lopez,MARTINEZ AND SONS,Toronto,ellenperez@example.com,TRUE,Represent politics avoid project past activity soon special.,116,155,212,2018-03-18T09:43:48Z
ruizdaniel,Mrs. Sabrina Johnson,JACKSON GROUP,Toronto,gonzalezandrew@example.org,FALSE,Policy various whose another store step.,70,496,51,2019-08-21T09:43:48Z
bryantjoshua,Stephanie Edwards,HAMPTON AND SONS,Toronto,mitchellamanda@example.org,TRUE,Night treat loss well project second message job main.,17,427,486,2022-09-24T09:43:48Z
zachary57,John Martinez,"ORTIZ, PEREZ AND VELAZQUEZ",Toronto,amber36@example.com,FALSE,Point most stand trial will issue none green require.,47,241,29,2020-08-15T09:43:48Z
sabrinasantiago,Laura Richardson,ANDERSON PLC,Toronto,coloncarrie@example.com,FALSE,Fund year husband identify treat education particularly important hot law record region.,188,952,81,2015-05-01T09:43:48Z
tcarroll,Michael Jones Jr.,POWERS-HERRERA,Toronto,ashleysanchez@example.net,FALSE,Attention book bring focus surface hospital.,124,731,12,2022-12-14T09:43:48Z
murraysusan,Jennifer Rodriguez,MILLS-THOMAS,Toronto,cody52@example.com,TRUE,Into method discover cup training buy possible if yeah western society factor.,75,321,437,2022-03-01T09:43:48Z
jennifer28,Kelsey Gallegos,MCCARTHY-MARTINEZ,Toronto,carlos90@example.net,FALSE,Bill sport make white choice school nothing how hair.,38,895,157,2021-03-05T09:43:48Z
katherinenoble,Cindy Reilly,SMITH AND SONS,Toronto,rlynch@example.com,FALSE,Morning community hair response win PM build according enough main benefit kind hair value.,41,149,132,2019-02-18T09:43:48Z
porternathan,Tanner Tanner,"JEFFERSON, COCHRAN AND WELLS",Toronto,dana13@example.com,FALSE,After rate five song low property bit field his wall.,26,214,438,2018-03-27T09:43:48Z
raymondfuller,Sarah Lopez,"CALDWELL, BROWN AND WASHINGTON",Toronto,johndouglas@example.org,TRUE,Statement spring thank arrive section I four.,171,628,304,2021-02-16T09:43:48Z
jacksonmckenzie,Ashley Hawkins,"HURLEY, HERRERA AND MAY",Toronto,kathleen22@example.com,TRUE,Boy gun even alone enter stay.,84,540,10,2016-12-11T09:43:48Z
james94,Shane Stewart,"MCGEE, CAMPBELL AND JORDAN",Toronto,mnelson@example.net,FALSE,Action without more increase natural huge security help worry image have job also.,71,685,223,2021-09-27T09:43:48Z
hughessara,Jennifer Olson,JORDAN-MEYER,Toronto,ashley11@example.org,TRUE,Move short lead decision trade everyone anyone.,144,470,44,2017-12-10T09:43:48Z
zmarsh,Pamela Schmidt,AGUILAR-VAUGHAN,Toronto,camachojose@example.org,TRUE,Culture have go note structure firm would tend suffer several system.,109,995,250,2023-05-09T09:43:48Z
dferguson,Robert Patton,"GARCIA, MORENO AND MOYER",Toronto,angelasmith@example.org,FALSE,Conference concern sometimes game eat fill still control project finish course audience girl.,105,360,392,2023-08-29T09:43:48Z
lrobertson,Courtney Warren,JACOBS PLC,Toronto,blakelori@example.com,FALSE,Most race the report pick wall.,27,454,133,2015-08-15T09:43:48Z
aprilrasmussen,Erica Russell MD,"DYER, OLIVER AND GUTIERREZ",Toronto,georgethomas@example.org,TRUE,She require understand window street police three.,158,853,397,2020-02-11T09:43:48Z
davisolivia,Nicole Sutton,"STRONG, MYERS AND RAMOS",Toronto,tcuevas@example.org,TRUE,Heart cut box probably western put difficult such available become eat hard.,21,461,289,2020-01-17T09:43:48Z
jamie36,Charles Wilson,GUTIERREZ-LI,Toronto,howellsteven@example.net,TRUE,Religious property suddenly plant discussion race these end another almost study case out.,185,576,366,2018-06-22T09:43:48Z
mark59,Ryan Davis,"WALKER, SMITH AND VANCE",Toronto,sharon67@example.net,TRUE,Could charge he six ready then open speak trip.,44,165,376,2015-02-19T09:43:48Z
williamrobertson,Abigail Black,MORGAN LTD,Toronto,philip24@example.org,FALSE,Son floor probably expect lose behavior task option PM before.,19,401,113,2023-05-08T09:43:48Z
colleen08,Cameron Evans,MEDINA GROUP,Toronto,christophermartin@example.org,TRUE,Write low tell American cut available drop trade stay.,20,424,487,2020-05-12T09:43:48Z
phyllis06,Jacqueline Harrison,SANCHEZ-BLACK,Toronto,ymiller@example.org,FALSE,Camera five mention nice statement political find article nothing worker new manager arrive government.,149,585,139,2023-06-07T09:43:48Z
xfoster,Bobby Gibbs,BROWN LLC,Toronto,kristina28@example.net,TRUE,Fall run around wonder economy take thought memory situation few common do.,83,466,451,2015-01-31T09:43:48Z
cervantesleah,Brian Simon,GRANT GROUP,Toronto,steeleandrew@example.net,TRUE,Plant although bed question follow magazine practice yes from popular quite thousand such.,177,440,149,2022-06-12T09:43:48Z
brandyowen,Brenda Anderson,JONES-NORRIS,Toronto,tkim@example.com,FALSE,Choose order nice western loss listen case total cell down.,121,510,390,2018-11-28T09:43:48Z
davidbriggs,Deanna Jones,KING-JONES,Toronto,kimberly75@example.net,FALSE,Four build film center firm find discuss.,96,292,264,2016-01-30T09:43:48Z
piercecarla,Edward Romero,JOHNSON-NELSON,Toronto,monicaking@example.org,FALSE,Chance here serious war population room second this former civil herself.,104,917,275,2020-11-06T09:43:48Z
isnyder,Sharon Ross,WOODWARD LTD,Toronto,travis12@example.org,TRUE,But seven back understand increase dark play.,196,535,50,2019-01-05T09:43:48Z
brownmisty,Nichole Smith,"CANTU, GUZMAN AND FOSTER",Toronto,robinsonkimberly@example.com,TRUE,Increase article loss where focus hand control price go amount others picture same.,149,401,174,2022-09-09T09:43:48Z
vherman,John Mckenzie,BARRETT INC,Toronto,reyesjeffery@example.net,TRUE,Hit author for rest beautiful across paper of travel manage last.,93,777,161,2020-05-27T09:43:48Z
jhenderson,Tiffany Weber,LOPEZ-THOMPSON,Toronto,fosterdaniel@example.net,FALSE,Level subject read relationship yeah society girl baby manage hold management individual.,164,835,228,2021-12-21T09:43:48Z
vreed,Ana Shepard,"BAILEY, TURNER AND WEBB",Toronto,vgriffin@example.com,FALSE,Between any red account address ask paper gas apply.,99,558,31,2015-09-09T09:43:48Z
sara60,Julie Garcia,JENSEN-THOMAS,Toronto,mark34@example.org,FALSE,She executive law worker exist where indicate spend drug.,167,546,150,2016-09-01T09:43:48Z
tonya80,Alexis Smith,"ERICKSON, GILBERT AND DAVIS",Toronto,lsmith@example.net,TRUE,Upon structure short capital teacher fish will style carry.,29,788,336,2019-04-15T09:43:48Z
hillbeth,Philip Schwartz,SEXTON LTD,Toronto,doylecourtney@example.com,FALSE,To dream easy reality six officer during present pressure sign.,141,921,393,2016-03-22T09:43:48Z
acostatina,Cindy Stark,"MATHEWS, FREEMAN AND KIRK",Toronto,stephen79@example.net,TRUE,Trial west market develop rise success director race leg about they effort of.,17,247,444,2017-01-10T09:43:48Z
rjones,Aaron Middleton,GRAY AND SONS,Toronto,gregory05@example.org,FALSE,Reveal culture recently ok reveal the she physical different whom give.,18,230,44,2021-03-12T09:43:48Z
ilopez,Julie Vasquez,LEVY-SMITH,Toronto,ogordon@example.net,FALSE,Stuff market shoulder final others not.,102,493,496,2017-06-24T09:43:48Z
atrevino,Brandon Smith,"MITCHELL, JOHNSON AND OBRIEN",Toronto,twilliams@example.net,TRUE,Answer sometimes today give board require new at rate manage response best.,164,258,357,2018-10-18T09:43:48Z
thompsonfrank,Ariana Edwards,"HENRY, BLANKENSHIP AND MAYO",Toronto,salazarbrandy@example.com,FALSE,Well better experience shoulder research lose note daughter player large practice born strategy.,105,555,400,2022-12-24T09:43:48Z
timothy29,Richard Todd,"WILSON, FLORES AND BENDER",Toronto,mathewsnoah@example.com,TRUE,Crime thousand then rate coach reality product.,145,476,213,2020-04-25T09:43:48Z
marshallderrick,Jessica Moore,WALL AND SONS,Toronto,brandonjefferson@example.net,FALSE,Father blue low walk top space fill price best author third stay.,73,217,23,2015-08-04T09:43:48Z
kyle70,Thomas Byrd,GONZALEZ PLC,Toronto,jerryreed@example.com,TRUE,Product security bed table minute certain series allow little.,137,631,208,2017-07-17T09:43:48Z
christopherdavidson,Kenneth Graves,SANDOVAL-DUNLAP,Toronto,ijackson@example.com,TRUE,Despite sort maybe guy speech car.,77,894,143,2015-12-12T09:43:48Z
danielsanders,Fernando Delacruz,THORNTON-GRIFFIN,Toronto,oscarwilliams@example.org,FALSE,Tv every human development professor key generation four finish can.,64,727,156,2016-01-22T09:43:48Z
dennis97,Alexis Conrad,MORGAN-JENKINS,Toronto,laurenford@example.net,FALSE,Speak fight fly thus doctor end military one whether past study why everything.,61,226,79,2023-01-04T09:43:48Z
kvaughn,Robert Flores,"RODGERS, POWELL AND GILL",Toronto,jessicabowers@example.net,FALSE,Wind near spend arm term prove religious cover administration seek civil candidate child.,54,831,237,2022-11-09T09:43:48Z
nicoleespinoza,Ashley Hodge,"WILSON, CORTEZ AND BROOKS",Toronto,ibarrarachel@example.net,FALSE,Heavy here amount vote article writer send local quickly.,180,456,373,2023-02-11T09:43:48Z
paul08,Marilyn Gentry,"GRIFFITH, BROOKS AND WILEY",Toronto,steve63@example.org,FALSE,Really like able Mr site move air page.,86,972,90,2015-11-10T09:43:48Z
logan70,Benjamin Thomas,GOODMAN PLC,Toronto,ericanguyen@example.org,TRUE,But challenge police face best loss machine bank sit summer decide.,102,621,124,2022-06-24T09:43:48Z
joseph44,Lisa Cohen,GORDON-WILSON,Toronto,bethruiz@example.net,TRUE,Information fill anything hour night entire federal feel smile.,45,343,414,2018-04-20T09:43:48Z
meredithweber,Jonathan Hunter,"WILSON, HARRIS AND WHITE",Toronto,lisa93@example.org,TRUE,Success board every act fear design board cause sing smile head.,102,668,303,2019-09-14T09:43:48Z
mark09,David Bailey,FIGUEROA-ANDERSON,Toronto,bhiggins@example.com,FALSE,Material actually doctor little peace force loss degree a.,151,233,323,2022-11-15T09:43:48Z
ericafrazier,Kayla Richardson,"JONES, LEWIS AND MARTIN",Toronto,alvarezjustin@example.com,TRUE,News ball real begin order very available.,89,508,377,2015-10-12T09:43:48Z
laraemily,Anthony Richards,SMITH PLC,Toronto,robertsoncody@example.net,FALSE,Enough foreign some meeting new ability be worker student.,144,521,403,2019-04-01T09:43:48Z
christopherclark,Brenda Nguyen,KING-HENDERSON,Toronto,bpeters@example.org,TRUE,Example long similar inside bar company attorney role.,42,425,338,2023-01-04T09:43:48Z
jeffery93,Glenda Acevedo,PORTER LTD,Toronto,kathrynfloyd@example.org,FALSE,Sure develop strategy computer news phone.,129,797,274,2019-12-23T09:43:48Z
ashleysingh,Andrew Reynolds,JOHNSON-LEACH,Toronto,higginsbrandon@example.net,TRUE,Capital better civil either test miss very major body guy beyond day suffer.,151,756,310,2021-10-19T09:43:48Z
xball,Robert Aguilar,GONZALEZ-JOHNSTON,Toronto,pwilliams@example.org,TRUE,Figure long identify drop friend easy position economic relate off.,120,615,476,2023-03-22T09:43:48Z
wendyphillips,Crystal Alvarado,BARNES-HERNANDEZ,Toronto,brownjoshua@example.net,TRUE,Send fight campaign trip environment star new although far strategy turn.,142,257,165,2021-12-29T09:43:48Z
lynchbruce,Scott Serrano,KING-HOWARD,Toronto,bnorris@example.net,TRUE,Management professional cell technology nearly involve worry land into threat.,92,827,125,2019-12-17T09:43:48Z
vanessa59,Shawn Carson,JOHNS LLC,Toronto,matthewmichael@example.net,FALSE,Population what drug investment age parent enjoy must customer maybe though truth rate.,30,357,110,2016-09-19T09:43:48Z
ncarter,Peter Arias,ROSALES GROUP,Toronto,andrewschmidt@example.com,FALSE,Owner product student rich bad watch by meet way sport always feeling a.,42,741,165,2016-12-13T09:43:48Z
johnnytaylor,Tyler Price,COOK-WALSH,Toronto,villanuevadominique@example.com,TRUE,Forget would traditional leg want collection debate later already.,138,757,96,2017-03-15T09:43:48Z
lreid,Darren Kelley,MCCOY-BOWMAN,Toronto,shawn95@example.org,TRUE,Artist leave long new six evidence stand to.,53,775,329,2015-10-05T09:43:48Z
umclaughlin,Anna Wood,"VILLEGAS, FRANKLIN AND NELSON",Toronto,cuevascraig@example.net,FALSE,Like dog president able professional beautiful none maybe.,154,143,432,2023-07-10T09:43:48Z
shermanjonathan,Jeffrey Brown,MIRANDA INC,Toronto,clarkcarol@example.com,TRUE,Wait report for nearly fast read remain herself leg.,21,757,404,2017-05-16T09:43:48Z
lisa57,Jodi Davis,LEE-JACKSON,Toronto,frose@example.org,FALSE,Enough explain our player everyone move.,176,316,402,2017-06-04T09:43:48Z
matthewrussell,Jason Patterson,KANE GROUP,Toronto,jacksonamber@example.net,FALSE,Impact try budget wrong standard society teach wall city candidate my current television.,168,755,25,2018-04-04T09:43:48Z
iwoodward,Lawrence Mcmillan,PERKINS-HOGAN,Toronto,tricia98@example.com,FALSE,Reality rule sit determine off value mind.,174,410,257,2021-02-03T09:43:48Z
hawkinsgregory,George Cuevas,HOGAN-ROBINSON,Toronto,heatherwest@example.net,FALSE,Respond computer cold any challenge white ten food food physical.,86,565,47,2016-02-13T09:43:48Z
dylan07,Steven Hunt,GRIFFIN AND SONS,Toronto,diana53@example.com,TRUE,Stay senior American management campaign large series send agent car.,50,551,222,2018-05-30T09:43:48Z
carlos47,Elizabeth Cobb,"LAMB, NORMAN AND MOSS",Toronto,atyler@example.com,FALSE,Figure Republican song wonder interesting those situation.,62,449,320,2022-03-25T09:43:48Z
jgreen,Michael Levine,"ALI, RYAN AND SMITH",Toronto,brett26@example.com,FALSE,Yourself audience year game peace I individual road boy run here.,193,427,385,2019-12-20T09:43:48Z
mmcdonald,Gina Anthony,RODRIGUEZ-MARTINEZ,Toronto,ana16@example.net,FALSE,Sea among these base theory indeed direction.,43,879,199,2018-01-24T09:43:48Z
paulstacy,Barbara Hurley,"TAYLOR, MILLER AND SMITH",Toronto,coledavid@example.org,TRUE,Bring morning box tonight experience modern available hospital artist sit activity.,91,348,248,2022-06-20T09:43:48Z
uross,Brandon Trujillo,BURNS GROUP,Toronto,lisa56@example.net,FALSE,Charge million glass method lead either power.,125,354,82,2022-10-03T09:43:48Z
barbarahouston,Lori Sanchez,CARDENAS-CLARK,Toronto,taylorsarah@example.net,TRUE,Value resource third leg member very.,84,494,452,2016-12-09T09:43:48Z
ismith,Theresa Hines,MARTIN-SMITH,Toronto,cainthomas@example.net,FALSE,All throw spend author example something ago trade include group baby free.,73,987,471,2022-01-18T09:43:49Z
simpsonalbert,Joshua Moore,MORENO-JACOBSON,Toronto,catherine20@example.com,FALSE,Serve parent day continue easy too through pass whatever type something stock.,157,839,170,2021-09-17T09:43:49Z
ystokes,Samuel Jones,WILCOX-CARLSON,Toronto,novakrobert@example.net,TRUE,If less claim card old room especially job seat science four.,137,628,249,2018-04-01T09:43:49Z
inguyen,Amber Hayes,CARR-HUFF,Toronto,hglenn@example.net,FALSE,Certain service he difference strong vote hope article various.,137,124,56,2019-06-07T09:43:49Z
ryanhamilton,Angela Ramirez,CRUZ-GARZA,Toronto,rebeccapacheco@example.org,FALSE,Spend special actually local information fill.,71,321,308,2019-11-19T09:43:49Z
melissagill,Trevor Santos,MARTINEZ PLC,Toronto,castrothomas@example.com,TRUE,Audience outside force go board must performance tree pay see identify.,22,389,263,2017-02-20T09:43:49Z
jchang,Patricia Moss,"GARCIA, BOYER AND HANSEN",Toronto,qwagner@example.net,FALSE,Light agent sea prepare generation process.,83,650,14,2022-08-20T09:43:49Z
lisa60,Cynthia Freeman,MENDEZ LTD,Toronto,evargas@example.net,FALSE,Be again amount thus north owner contain box town hit we data.,44,371,382,2019-09-27T09:43:49Z
karen37,Amber Ponce,HANCOCK-WOLF,Toronto,grace20@example.org,FALSE,Partner economy catch source order you tonight safe history beyond collection meet gas.,103,147,215,2023-04-08T09:43:49Z
milesashley,David West,WILLIAMS AND SONS,Toronto,stevensonrobin@example.com,TRUE,Buy information lose movement analysis save better new American analysis never yard another.,102,667,157,2023-01-06T09:43:49Z
richardsmith,Joel Spears,COHEN-FITZPATRICK,Toronto,jacobhowell@example.com,FALSE,Interview yes rest until letter field white sister quickly must like modern.,139,562,401,2017-09-03T09:43:49Z
nicholsjeffrey,Lauren Daniel,FERGUSON LLC,Toronto,scottjessica@example.com,FALSE,How radio establish save government son travel.,169,797,322,2022-07-05T09:43:49Z
john31,Ashley Vincent,ODONNELL AND SONS,Toronto,hallcheryl@example.com,TRUE,Grow chance make system visit practice raise increase option dinner.,34,504,201,2014-12-05T09:43:49Z
stacymartin,Natasha Fitzpatrick,KANE GROUP,Toronto,taylorrachael@example.com,FALSE,North better consumer rest body almost reason.,152,475,396,2022-03-23T09:43:49Z
rebecca46,Samantha Norton,JOHNSON LTD,Toronto,yvonnelewis@example.net,TRUE,Story federal fall create candidate character meeting chair president near term.,164,622,215,2018-03-26T09:43:49Z
morganheather,Ryan Hill,MORGAN GROUP,Toronto,bethmejia@example.com,TRUE,Forward firm remain professional economy fire answer character become.,21,140,80,2015-11-03T09:43:49Z
erica46,Elizabeth Dunn,HOLLAND-EVANS,Toronto,danielfinley@example.org,FALSE,Main win day mind others time law maintain.,131,632,243,2022-03-03T09:43:49Z
